Date,HomeTeam,AwayTeam,FTHG,FTAG,FTR,HS,AS,HST,AST,HF,AF,HY,AY,Goal Difference,Shot Difference,Shot target Difference,Foul Difference,Yellow Card Differene,Home Win,xG_home,xG_away
15/08/2025,Liverpool,Bournemouth,4,2,H,19,10,10,3,7,10,1,2,2,9,7,-3,-1,1,4.27,1.4100000000000001
16/08/2025,Aston Villa,Newcastle,0,0,D,3,16,3,3,13,11,1,1,0,-13,0,2,0,0,1.2000000000000002,1.5900000000000003
16/08/2025,Brighton,Fulham,1,1,D,10,7,4,2,16,15,3,3,0,3,2,1,0,0,1.78,0.9500000000000001
16/08/2025,Sunderland,West Ham,3,0,H,10,12,5,4,8,10,0,1,3,-2,1,-2,-1,1,2.15,1.84
16/08/2025,Tottenham,Burnley,3,0,H,16,14,6,4,14,8,0,0,3,2,2,6,0,1,2.7,1.9000000000000001
16/08/2025,Wolves,Man City,0,4,A,9,15,3,4,13,7,1,2,-4,-6,-1,6,-1,0,1.3800000000000001,1.9300000000000002
17/08/2025,Chelsea,Crystal Palace,0,0,D,19,12,3,4,10,12,2,3,0,7,-1,-2,-1,0,1.6800000000000002,1.84
17/08/2025,Nott'm Forest,Brentford,3,1,H,11,10,5,3,7,15,1,2,2,1,2,-8,-1,1,2.18,1.4100000000000001
17/08/2025,Man United,Arsenal,0,1,A,22,9,7,3,10,19,1,4,-1,13,4,-9,-3,0,3.25,1.3800000000000001
18/08/2025,Leeds,Everton,1,0,H,21,7,3,1,6,8,0,2,1,14,2,-2,-2,1,1.7400000000000002,0.5800000000000001
22/08/2025,West Ham,Chelsea,1,5,A,12,12,4,7,7,10,0,1,-4,0,-3,-3,-1,0,1.84,2.95
23/08/2025,Man City,Tottenham,0,2,A,10,12,4,5,7,12,1,4,-2,-2,-1,-5,-3,0,1.78,2.21
23/08/2025,Bournemouth,Wolves,1,0,H,14,6,4,1,13,16,2,4,1,8,3,-3,-2,1,1.9000000000000001,0.55
23/08/2025,Brentford,Aston Villa,1,0,H,9,17,2,2,11,9,1,2,1,-8,0,2,-1,1,1.01,1.25
23/08/2025,Burnley,Sunderland,2,0,H,7,9,2,1,9,5,0,1,2,-2,1,4,-1,1,0.9500000000000001,0.64
23/08/2025,Arsenal,Leeds,5,0,H,18,3,5,1,8,11,0,2,5,15,4,-3,-2,1,2.39,0.46
24/08/2025,Crystal Palace,Nott'm Forest,1,1,D,8,9,4,1,11,11,3,3,0,-1,3,0,0,0,1.7200000000000002,0.64
24/08/2025,Everton,Brighton,2,0,H,11,13,3,4,7,15,4,3,2,-2,-1,-8,1,1,1.4400000000000002,1.87
24/08/2025,Fulham,Man United,1,1,D,13,10,4,3,12,10,1,1,0,3,1,2,0,0,1.87,1.4100000000000001
25/08/2025,Newcastle,Liverpool,2,3,A,10,5,3,4,17,15,2,3,-1,5,-1,2,-1,0,1.4100000000000001,1.6300000000000001
30/08/2025,Chelsea,Fulham,2,0,H,13,11,6,3,11,17,2,2,2,2,3,-6,0,1,2.6100000000000003,1.4400000000000002
30/08/2025,Man United,Burnley,3,2,H,26,6,6,3,9,9,1,5,1,20,3,0,-4,1,3.0000000000000004,1.2900000000000003
30/08/2025,Sunderland,Brentford,2,1,H,12,7,3,4,11,12,3,2,1,5,-1,-1,1,1,1.4700000000000002,1.6900000000000002
30/08/2025,Tottenham,Bournemouth,0,1,A,5,20,1,6,17,13,2,4,-1,-15,-5,4,-2,0,0.52,2.8200000000000003
30/08/2025,Wolves,Everton,2,3,A,12,10,4,4,15,10,0,1,-1,2,0,5,-1,0,1.84,1.78
30/08/2025,Leeds,Newcastle,0,0,D,10,8,1,2,10,15,1,1,0,2,-1,-5,0,0,0.67,0.98
31/08/2025,Brighton,Man City,2,1,H,12,12,7,3,16,14,2,2,1,0,4,2,0,1,2.95,1.4700000000000002
31/08/2025,Nott'm Forest,West Ham,0,3,A,11,12,3,8,14,6,0,0,-3,-1,-5,8,0,0,1.4400000000000002,3.3200000000000003
31/08/2025,Liverpool,Arsenal,1,0,H,9,11,3,1,7,10,2,2,1,-2,2,-3,0,1,1.3800000000000001,0.7
31/08/2025,Aston Villa,Crystal Palace,0,3,A,13,6,4,4,7,14,2,3,-3,7,0,-7,-1,0,1.87,1.6600000000000001
13/09/2025,Arsenal,Nott'm Forest,3,0,H,16,5,5,1,8,11,1,1,3,11,4,-3,0,1,2.33,0.52
13/09/2025,Bournemouth,Brighton,2,1,H,13,6,5,2,16,10,4,4,1,7,3,6,0,1,2.24,0.92
13/09/2025,Crystal Palace,Sunderland,0,0,D,14,6,6,0,10,8,1,1,0,8,6,2,0,0,2.6400000000000006,0.18
13/09/2025,Everton,Aston Villa,0,0,D,20,7,2,1,17,15,3,3,0,13,1,2,0,0,1.34,0.5800000000000001
13/09/2025,Fulham,Leeds,1,0,H,5,10,3,3,20,15,1,2,1,-5,0,5,-1,1,1.2600000000000002,1.4100000000000001
13/09/2025,Newcastle,Wolves,1,0,H,16,8,4,3,10,17,1,4,1,8,1,-7,-3,1,1.96,1.35
13/09/2025,West Ham,Tottenham,0,3,A,7,14,4,5,8,7,0,1,-3,-7,-1,1,-1,0,1.6900000000000002,2.27
13/09/2025,Brentford,Chelsea,2,2,D,7,16,4,6,13,9,3,2,0,-9,-2,4,1,0,1.6900000000000002,2.7
14/09/2025,Burnley,Liverpool,0,1,A,3,27,0,4,9,9,0,2,-1,-24,-4,0,-2,0,0.09,2.29
14/09/2025,Man City,Man United,3,0,H,13,12,6,2,8,8,0,0,3,1,4,0,0,1,2.6100000000000003,1.1
20/09/2025,Liverpool,Everton,2,1,H,11,9,3,2,11,10,2,3,1,2,1,1,-1,1,1.4400000000000002,1.01
20/09/2025,Brighton,Tottenham,2,2,D,12,11,4,3,10,13,1,2,0,1,1,-3,-1,0,1.84,1.4400000000000002
20/09/2025,Burnley,Nott'm Forest,1,1,D,12,17,5,8,12,11,1,1,0,-5,-3,1,0,0,2.21,3.47
20/09/2025,West Ham,Crystal Palace,1,2,A,8,18,3,3,15,5,3,3,-1,-10,0,10,0,0,1.35,1.6500000000000001
20/09/2025,Wolves,Leeds,1,3,A,16,6,6,4,11,9,1,1,-2,10,2,2,0,0,2.7,1.6600000000000001
20/09/2025,Man United,Chelsea,2,1,H,11,5,4,1,13,14,0,5,1,6,3,-1,-5,1,1.81,0.52
20/09/2025,Fulham,Brentford,3,1,H,14,8,3,3,11,13,4,1,2,6,0,-2,3,1,1.5300000000000002,1.35
21/09/2025,Bournemouth,Newcastle,0,0,D,11,4,2,1,7,10,2,1,0,7,1,-3,1,0,1.07,0.49
21/09/2025,Sunderland,Aston Villa,1,1,D,14,12,4,2,14,8,2,1,0,2,2,6,1,0,1.9000000000000001,1.1
21/09/2025,Arsenal,Man City,1,1,D,12,5,3,3,11,10,1,2,0,7,0,1,-1,0,1.4700000000000002,1.2600000000000002
27/09/2025,Brentford,Man United,3,1,H,10,14,8,6,14,10,2,2,2,-4,2,4,0,1,3.2600000000000002,2.6400000000000006
27/09/2025,Chelsea,Brighton,1,3,A,13,12,3,3,9,16,3,5,-2,1,0,-7,-2,0,1.5000000000000002,1.4700000000000002
27/09/2025,Crystal Palace,Liverpool,2,1,H,16,20,7,4,10,8,1,3,1,-4,3,2,-2,1,3.0700000000000003,2.08
27/09/2025,Leeds,Bournemouth,2,2,D,19,12,8,5,12,13,2,2,0,7,3,-1,0,0,3.5300000000000002,2.21
27/09/2025,Man City,Burnley,5,1,H,21,9,8,2,5,7,1,3,4,12,6,-2,-2,1,3.5900000000000003,1.01
27/09/2025,Nott'm Forest,Sunderland,0,1,A,22,11,6,3,11,6,4,2,-1,11,3,5,2,0,2.8800000000000003,1.4400000000000002
27/09/2025,Tottenham,Wolves,1,1,D,10,9,3,3,9,11,3,2,0,1,0,-2,1,0,1.4100000000000001,1.3800000000000001
28/09/2025,Aston Villa,Fulham,3,1,H,9,11,4,4,10,13,1,4,2,-2,0,-3,-3,1,1.75,1.81
28/09/2025,Newcastle,Arsenal,1,2,A,8,20,3,7,8,9,2,1,-1,-12,-4,-1,1,0,1.35,3.1900000000000004
29/09/2025,Everton,West Ham,1,1,D,12,14,6,3,7,16,3,4,0,-2,3,-9,-1,0,2.5800000000000005,1.5300000000000002
03/10/2025,Bournemouth,Fulham,3,1,H,11,12,6,4,8,10,0,1,2,-1,2,-2,-1,1,2.5500000000000003,1.84
04/10/2025,Leeds,Tottenham,1,2,A,16,9,4,3,10,12,2,3,-1,7,1,-2,-1,0,1.96,1.3800000000000001
04/10/2025,Arsenal,West Ham,2,0,H,21,4,5,0,14,14,0,2,2,17,5,0,-2,1,2.48,0.12
04/10/2025,Man United,Sunderland,2,0,H,15,8,6,3,10,12,1,4,2,7,3,-2,-3,1,2.6700000000000004,1.35
04/10/2025,Chelsea,Liverpool,2,1,H,12,12,6,2,9,8,0,2,1,0,4,1,-2,1,2.5800000000000005,1.1
05/10/2025,Aston Villa,Burnley,2,1,H,15,5,7,2,9,15,3,1,1,10,5,-6,2,1,3.04,0.89
05/10/2025,Everton,Crystal Palace,2,1,H,14,15,7,8,13,16,2,3,1,-1,-1,-3,-1,1,3.0100000000000002,3.41
05/10/2025,Newcastle,Nott'm Forest,2,0,H,18,5,9,4,16,15,0,4,2,13,5,1,-4,1,3.87,1.6300000000000001
05/10/2025,Wolves,Brighton,1,1,D,6,17,3,6,13,9,2,4,0,-11,-3,4,-2,0,1.2900000000000003,2.7300000000000004
05/10/2025,Brentford,Man City,0,1,A,6,10,1,4,10,6,3,2,-1,-4,-3,4,1,0,0.55,1.78
18/10/2025,Nott'm Forest,Chelsea,0,3,A,12,17,2,6,13,16,2,2,-3,-5,-4,-3,0,0,1.1,2.7300000000000004
18/10/2025,Brighton,Newcastle,2,1,H,13,16,5,3,9,9,0,1,1,-3,2,0,-1,1,2.24,1.5900000000000003
18/10/2025,Burnley,Leeds,2,0,H,4,19,3,4,10,7,2,1,2,-15,-1,3,1,1,1.2300000000000002,2.05
18/10/2025,Crystal Palace,Bournemouth,3,3,D,20,8,7,5,8,16,1,4,0,12,2,-8,-3,0,3.1900000000000004,2.09
18/10/2025,Man City,Everton,2,0,H,19,5,7,1,8,14,0,2,2,14,6,-6,-2,1,3.16,0.52
18/10/2025,Sunderland,Wolves,2,0,H,8,16,2,3,5,12,0,0,2,-8,-1,-7,0,1,0.98,1.5900000000000003
18/10/2025,Fulham,Arsenal,0,1,A,9,16,0,5,11,4,0,0,-1,-7,-5,7,0,0,0.27,2.33
19/10/2025,Tottenham,Aston Villa,1,2,A,9,8,3,2,11,7,2,0,-1,1,1,4,2,0,1.3800000000000001,0.98
19/10/2025,Liverpool,Man United,1,2,A,19,12,6,4,8,14,0,2,-1,7,2,-6,-2,0,2.7900000000000005,1.84
20/10/2025,West Ham,Brentford,0,2,A,7,22,1,7,10,10,1,1,-2,-15,-6,0,0,0,0.5800000000000001,3.25
24/10/2025,Leeds,West Ham,2,1,H,13,9,5,3,12,11,3,3,1,4,2,1,0,1,2.24,1.3800000000000001
25/10/2025,Chelsea,Sunderland,1,2,A,16,10,7,4,15,13,1,1,-1,6,3,2,0,0,3.0700000000000003,1.78
25/10/2025,Newcastle,Fulham,2,1,H,18,12,7,5,11,18,0,2,1,6,2,-7,-2,1,3.1300000000000003,2.21
25/10/2025,Man United,Brighton,4,2,H,13,17,9,5,4,13,2,2,2,-4,4,-9,0,1,3.72,2.36
25/10/2025,Brentford,Liverpool,3,2,H,17,18,8,5,7,10,3,2,1,-1,3,-3,1,1,3.47,2.39
26/10/2025,Arsenal,Crystal Palace,1,0,H,10,7,3,1,6,11,0,0,1,3,2,-5,0,1,1.4100000000000001,0.5800000000000001
26/10/2025,Aston Villa,Man City,1,0,H,9,18,3,4,8,16,1,4,1,-9,-1,-8,-3,1,1.3800000000000001,2.02
26/10/2025,Bournemouth,Nott'm Forest,2,0,H,13,8,5,4,17,7,3,1,2,5,1,10,2,1,2.24,1.7200000000000002
26/10/2025,Wolves,Burnley,2,3,A,15,11,7,7,12,7,1,0,-1,4,0,5,1,0,3.04,2.9200000000000004
26/10/2025,Everton,Tottenham,0,3,A,12,7,2,4,9,8,2,0,-3,5,-2,1,2,0,1.1,1.6900000000000002
01/11/2025,Brighton,Leeds,3,0,H,14,5,7,2,10,7,0,1,3,9,5,3,-1,1,3.0100000000000002,0.89
01/11/2025,Burnley,Arsenal,0,2,A,3,12,0,8,10,13,2,1,-2,-9,-8,-3,1,0,0.09,3.3200000000000003
01/11/2025,Crystal Palace,Brentford,2,0,H,9,6,2,2,7,11,0,3,2,3,0,-4,-3,1,1.01,0.92
01/11/2025,Fulham,Wolves,3,0,H,19,5,6,2,13,14,1,3,3,14,4,-1,-2,1,2.7900000000000005,0.89
01/11/2025,Nott'm Forest,Man United,2,2,D,17,18,3,7,10,7,1,1,0,-1,-4,3,0,0,1.62,3.1300000000000003
01/11/2025,Tottenham,Chelsea,0,1,A,3,15,1,9,14,12,4,2,-1,-12,-8,2,2,0,0.46,3.7800000000000002
01/11/2025,Liverpool,Aston Villa,2,0,H,16,10,4,3,13,11,2,3,2,6,1,2,-1,1,1.96,1.4100000000000001
02/11/2025,West Ham,Newcastle,3,1,H,15,12,9,4,5,10,1,2,2,3,5,-5,-1,1,3.7800000000000002,1.84
02/11/2025,Man City,Bournemouth,3,1,H,15,8,8,5,8,11,2,2,2,7,3,-3,0,1,3.41,2.09
03/11/2025,Sunderland,Everton,1,1,D,17,8,3,2,10,12,3,2,0,9,1,-2,1,0,1.62,0.98
08/11/2025,Tottenham,Man United,2,2,D,10,5,4,2,10,8,5,1,0,5,2,2,4,0,1.78,0.89
08/11/2025,Everton,Fulham,2,0,H,14,8,5,4,11,14,2,2,2,6,1,-3,0,1,2.27,1.7200000000000002
08/11/2025,West Ham,Burnley,3,2,H,15,16,6,7,15,13,2,2,1,-1,-1,2,0,1,2.6700000000000004,3.0700000000000003
08/11/2025,Sunderland,Arsenal,2,2,D,6,17,2,7,13,13,2,1,0,-11,-5,0,1,0,0.92,3.1
08/11/2025,Chelsea,Wolves,3,0,H,20,3,8,0,12,14,1,2,3,17,8,-2,-1,1,3.56,0.09
09/11/2025,Aston Villa,Bournemouth,4,0,H,16,13,8,4,8,20,2,2,4,3,4,-12,0,1,3.4400000000000004,1.87
09/11/2025,Brentford,Newcastle,3,1,H,15,5,7,1,10,13,2,1,2,10,6,-3,1,1,3.04,0.52
09/11/2025,Crystal Palace,Brighton,0,0,D,10,7,2,3,10,12,1,4,0,3,-1,-2,-3,0,1.04,1.3200000000000003
09/11/2025,Nott'm Forest,Leeds,3,1,H,14,10,6,3,10,11,2,1,2,4,3,-1,1,1,2.6400000000000006,1.4100000000000001
09/11/2025,Man City,Liverpool,3,0,H,14,7,6,1,14,15,2,4,3,7,5,-1,-2,1,2.6400000000000006,0.5800000000000001
22/11/2025,Burnley,Chelsea,0,2,A,8,15,2,5,13,8,2,3,-2,-7,-3,5,-1,0,0.98,2.3
22/11/2025,Bournemouth,West Ham,2,2,D,28,5,10,2,9,10,3,2,0,23,8,-1,1,0,4.54,0.89
22/11/2025,Brighton,Brentford,2,1,H,14,10,5,4,10,9,4,2,1,4,1,1,2,1,2.27,1.78
22/11/2025,Fulham,Sunderland,1,0,H,24,4,6,2,5,13,3,3,1,20,4,-8,0,1,2.9400000000000004,0.8600000000000001
22/11/2025,Liverpool,Nott'm Forest,0,3,A,21,15,4,7,11,8,2,0,-3,6,-3,3,2,0,2.1100000000000003,3.04
22/11/2025,Wolves,Crystal Palace,0,2,A,8,10,1,4,13,9,2,3,-2,-2,-3,4,-1,0,0.61,1.78
22/11/2025,Newcastle,Man City,2,1,H,9,17,5,4,13,8,1,3,1,-8,1,5,-2,1,2.12,1.9900000000000002
23/11/2025,Leeds,Aston Villa,1,2,A,14,14,5,3,18,16,5,1,-1,0,2,2,4,0,2.27,1.5300000000000002
23/11/2025,Arsenal,Tottenham,4,1,H,17,3,8,2,11,15,1,3,3,14,6,-4,-2,1,3.47,0.8300000000000001
24/11/2025,Man United,Everton,0,1,A,25,3,6,1,12,9,2,0,-1,22,5,3,2,0,2.97,0.46
29/11/2025,Brentford,Burnley,3,1,H,14,6,4,2,7,7,0,2,2,8,2,0,-2,1,1.9000000000000001,0.92
29/11/2025,Man City,Leeds,3,2,H,18,9,9,4,17,11,4,1,1,9,5,6,3,1,3.87,1.75
29/11/2025,Sunderland,Bournemouth,3,2,H,12,18,6,6,14,13,5,5,1,-6,0,1,0,1,2.5800000000000005,2.7600000000000002
29/11/2025,Everton,Newcastle,1,4,A,10,13,2,8,4,6,0,0,-3,-3,-6,-2,0,0,1.04,3.35
29/11/2025,Tottenham,Fulham,1,2,A,14,7,2,3,11,7,3,2,-1,7,-1,4,1,0,1.1600000000000001,1.3200000000000003
30/11/2025,Crystal Palace,Man United,1,2,A,14,14,3,6,14,14,3,2,-1,0,-3,0,1,0,1.5300000000000002,2.6400000000000006
30/11/2025,Aston Villa,Wolves,1,0,H,16,9,6,4,13,21,0,4,1,7,2,-8,-4,1,2.7,1.75
30/11/2025,Nott'm Forest,Brighton,0,2,A,19,17,3,6,11,10,0,1,-2,2,-3,1,-1,0,1.6800000000000002,2.7300000000000004
30/11/2025,West Ham,Liverpool,0,2,A,7,9,0,5,12,14,1,0,-2,-2,-5,-2,1,0,0.21,2.12
30/11/2025,Chelsea,Arsenal,1,1,D,11,8,4,4,12,13,1,6,0,3,0,-1,-5,0,1.81,1.7200000000000002
02/12/2025,Bournemouth,Everton,0,1,A,5,13,2,3,14,14,3,3,-1,-8,-1,0,0,0,0.89,1.5000000000000002
02/12/2025,Fulham,Man City,4,5,A,12,11,6,4,9,7,0,1,-1,1,2,2,-1,0,2.5800000000000005,1.81
02/12/2025,Newcastle,Tottenham,2,2,D,19,8,7,2,5,12,0,3,0,11,5,-7,-3,0,3.16,0.98
03/12/2025,Arsenal,Brentford,2,0,H,15,6,7,1,7,9,0,1,2,9,6,-2,-1,1,3.04,0.55
03/12/2025,Brighton,Aston Villa,3,4,A,16,14,7,10,10,9,2,2,-1,2,-3,1,0,0,3.0700000000000003,4.12
03/12/2025,Burnley,Crystal Palace,0,1,A,11,3,4,3,9,8,0,0,-1,8,1,1,0,0,1.81,1.2000000000000002
03/12/2025,Wolves,Nott'm Forest,0,1,A,5,10,1,3,19,11,2,2,-1,-5,-2,8,0,0,0.52,1.4100000000000001
03/12/2025,Leeds,Chelsea,3,1,H,17,14,5,2,10,13,1,1,2,3,3,-3,0,1,2.36,1.1600000000000001
03/12/2025,Liverpool,Sunderland,1,1,D,23,9,4,6,10,5,1,1,0,14,-2,5,0,0,2.17,2.49
04/12/2025,Man United,West Ham,1,1,D,17,11,4,3,13,9,2,2,0,6,1,4,0,0,1.9900000000000002,1.4400000000000002
06/12/2025,Aston Villa,Arsenal,2,1,H,15,15,6,9,10,8,0,2,1,0,-3,2,-2,1,2.6700000000000004,3.7800000000000002
06/12/2025,Bournemouth,Chelsea,0,0,D,13,11,5,4,15,13,0,2,0,2,1,2,-2,0,2.24,1.81
06/12/2025,Everton,Nott'm Forest,3,0,H,11,7,5,3,17,15,4,3,3,4,2,2,1,1,2.18,1.3200000000000003
06/12/2025,Man City,Sunderland,3,0,H,18,8,6,1,9,10,1,0,3,10,5,-1,1,1,2.7600000000000002,0.61
06/12/2025,Newcastle,Burnley,2,1,H,17,9,7,3,9,11,2,2,1,8,4,-2,0,1,3.1,1.3800000000000001
06/12/2025,Tottenham,Brentford,2,0,H,15,4,7,1,8,9,3,4,2,11,6,-1,-1,1,3.04,0.49
06/12/2025,Leeds,Liverpool,3,3,D,12,16,5,7,14,14,3,3,0,-4,-2,0,0,0,2.21,3.0700000000000003
07/12/2025,Brighton,West Ham,1,1,D,22,14,4,5,12,8,2,2,0,8,-1,4,0,0,2.14,2.27
07/12/2025,Fulham,Crystal Palace,1,2,A,12,11,4,5,5,8,0,0,-1,1,-1,-3,0,0,1.84,2.18
08/12/2025,Wolves,Man United,1,4,A,8,27,2,10,17,12,3,2,-3,-19,-8,5,1,0,0.98,4.51
13/12/2025,Chelsea,Everton,2,0,H,17,11,5,2,13,11,1,0,2,6,3,2,1,1,2.36,1.07
13/12/2025,Liverpool,Brighton,2,0,H,18,14,4,1,8,15,1,2,2,4,3,-7,-1,1,2.02,0.79
13/12/2025,Burnley,Fulham,2,3,A,16,6,8,4,8,8,1,2,-1,10,4,0,-1,0,3.4400000000000004,1.6600000000000001
13/12/2025,Arsenal,Wolves,2,1,H,16,3,2,2,7,15,0,4,1,13,0,-8,-4,1,1.22,0.8300000000000001
14/12/2025,Crystal Palace,Man City,0,3,A,16,7,4,6,9,6,2,0,-3,9,-2,3,2,0,1.96,2.43
14/12/2025,Nott'm Forest,Tottenham,3,0,H,15,6,6,1,9,13,1,3,3,9,5,-4,-2,1,2.6700000000000004,0.55
14/12/2025,Sunderland,Newcastle,1,0,H,5,6,1,2,10,10,5,4,1,-1,-1,0,1,1,0.52,0.92
14/12/2025,West Ham,Aston Villa,2,3,A,10,7,3,4,18,13,1,2,-1,3,-1,5,-1,0,1.4100000000000001,1.6900000000000002
14/12/2025,Brentford,Leeds,1,1,D,7,18,2,4,8,9,0,0,0,-11,-2,-1,0,0,0.9500000000000001,2.02
15/12/2025,Man United,Bournemouth,4,4,D,25,14,9,9,15,12,2,3,0,11,0,3,-1,0,4.08,3.75
20/12/2025,Newcastle,Chelsea,2,2,D,11,13,5,4,13,14,3,6,0,-2,1,-1,-3,0,2.18,1.87
20/12/2025,Bournemouth,Burnley,1,1,D,16,4,1,1,11,11,1,1,0,12,0,0,0,0,0.85,0.49
20/12/2025,Brighton,Sunderland,0,0,D,16,14,4,6,11,15,2,2,0,2,-2,-4,0,0,1.96,2.6400000000000006
20/12/2025,Man City,West Ham,3,0,H,17,7,8,3,16,10,1,1,3,10,5,6,0,1,3.47,1.3200000000000003
20/12/2025,Wolves,Brentford,0,2,A,9,7,2,6,12,15,2,4,-2,2,-4,-3,-2,0,1.01,2.43
20/12/2025,Tottenham,Liverpool,1,2,A,15,8,4,4,9,7,3,3,-1,7,0,2,0,0,1.9300000000000002,1.7200000000000002
20/12/2025,Everton,Arsenal,0,1,A,5,13,1,2,4,5,2,2,-1,-8,-1,-1,0,0,0.52,1.13
20/12/2025,Leeds,Crystal Palace,4,1,H,20,9,8,3,5,10,1,3,3,11,5,-5,-2,1,3.56,1.3800000000000001
21/12/2025,Aston Villa,Man United,2,1,H,12,15,4,6,11,14,1,2,1,-3,-2,-3,-1,1,1.84,2.6700000000000004
22/12/2025,Fulham,Nott'm Forest,1,0,H,11,12,1,2,5,9,5,4,1,-1,-1,-4,1,1,0.7,1.1
26/12/2025,Man United,Newcastle,1,0,H,10,16,4,3,9,5,2,1,1,-6,1,4,1,1,1.78,1.5900000000000003
27/12/2025,Nott'm Forest,Man City,1,2,A,7,16,2,5,5,13,1,2,-1,-9,-3,-8,-1,0,0.9500000000000001,2.33
27/12/2025,Arsenal,Brighton,2,1,H,24,8,6,3,7,13,2,3,1,16,3,-6,-1,1,2.9400000000000004,1.35
27/12/2025,Brentford,Bournemouth,4,1,H,15,20,7,10,9,8,2,2,3,-5,-3,1,0,1,3.04,4.3
27/12/2025,Burnley,Everton,0,0,D,16,15,0,6,8,8,0,2,0,1,-6,0,-2,0,0.48,2.6700000000000004
27/12/2025,Liverpool,Wolves,2,1,H,14,9,4,4,5,13,0,1,1,5,0,-8,-1,1,1.9000000000000001,1.75
27/12/2025,West Ham,Fulham,0,1,A,11,15,2,4,8,8,1,3,-1,-4,-2,0,-2,0,1.07,1.9300000000000002
27/12/2025,Chelsea,Aston Villa,1,2,A,14,11,3,8,16,8,5,3,-1,3,-5,8,2,0,1.5300000000000002,3.29
28/12/2025,Sunderland,Leeds,1,1,D,8,17,3,6,7,9,1,0,0,-9,-3,-2,1,0,1.35,2.7300000000000004
28/12/2025,Crystal Palace,Tottenham,0,1,A,15,8,2,4,7,5,3,2,-1,7,-2,2,1,0,1.19,1.7200000000000002
30/12/2025,Burnley,Newcastle,1,3,A,15,20,4,9,9,3,2,1,-2,-5,-5,6,1,0,1.9300000000000002,3.93
30/12/2025,Chelsea,Bournemouth,2,2,D,17,17,3,6,5,12,1,1,0,0,-3,-7,0,0,1.62,2.7300000000000004
30/12/2025,Nott'm Forest,Everton,0,2,A,21,11,6,3,11,9,1,0,-2,10,3,2,1,0,2.8500000000000005,1.4400000000000002
30/12/2025,West Ham,Brighton,2,2,D,10,16,4,6,11,18,3,5,0,-6,-2,-7,-2,0,1.78,2.7
30/12/2025,Arsenal,Aston Villa,4,1,H,22,11,7,3,18,9,2,3,3,11,4,9,-1,1,3.25,1.4400000000000002
30/12/2025,Man United,Wolves,1,1,D,15,11,6,4,9,12,0,2,0,4,2,-3,-2,0,2.6700000000000004,1.81
01/01/2026,Crystal Palace,Fulham,1,1,D,11,17,2,5,7,10,0,5,0,-6,-3,-3,-5,0,1.07,2.36
01/01/2026,Liverpool,Leeds,0,0,D,19,4,4,2,10,8,0,2,0,15,2,2,-2,0,2.05,0.8600000000000001
01/01/2026,Brentford,Tottenham,0,0,D,7,9,2,3,8,10,1,2,0,-2,-1,-2,-1,0,0.9500000000000001,1.3800000000000001
01/01/2026,Sunderland,Man City,0,0,D,10,14,4,4,9,6,1,1,0,-4,0,3,0,0,1.78,1.9000000000000001
03/01/2026,Aston Villa,Nott'm Forest,3,1,H,11,10,4,5,10,20,1,2,2,1,-1,-10,-1,1,1.81,2.15
03/01/2026,Brighton,Burnley,2,0,H,15,5,4,3,7,17,0,4,2,10,1,-10,-4,1,1.9300000000000002,1.2600000000000002
03/01/2026,Wolves,West Ham,3,0,H,11,6,8,0,11,10,1,0,3,5,8,1,1,1,3.29,0.18
03/01/2026,Bournemouth,Arsenal,2,3,A,15,12,3,5,13,8,3,1,-1,3,-2,5,2,0,1.56,2.21
04/01/2026,Leeds,Man United,1,1,D,11,15,3,2,9,9,0,1,0,-4,1,0,-1,0,1.4400000000000002,1.19
04/01/2026,Everton,Brentford,2,4,A,14,11,6,7,9,8,0,2,-2,3,-1,1,-2,0,2.6400000000000006,2.9200000000000004
04/01/2026,Newcastle,Crystal Palace,2,0,H,12,11,7,1,5,12,1,3,2,1,6,-7,-2,1,2.95,0.7
04/01/2026,Tottenham,Sunderland,1,1,D,13,10,5,3,10,6,2,3,0,3,2,4,-1,0,2.24,1.4100000000000001
04/01/2026,Fulham,Liverpool,2,2,D,8,10,2,2,11,4,1,1,0,-2,0,7,0,0,0.98,1.04
04/01/2026,Man City,Chelsea,1,1,D,14,8,3,3,12,14,3,3,0,6,0,-2,0,0,1.5300000000000002,1.35
06/01/2026,West Ham,Nott'm Forest,1,2,A,14,13,3,5,15,9,3,0,-1,1,-2,6,3,0,1.5300000000000002,2.24
07/01/2026,Bournemouth,Tottenham,3,2,H,11,16,3,4,19,10,3,3,1,-5,-1,9,0,1,1.4400000000000002,1.96
07/01/2026,Brentford,Sunderland,3,0,H,18,11,6,3,13,13,2,1,3,7,3,0,1,1,2.7600000000000002,1.4400000000000002
07/01/2026,Crystal Palace,Aston Villa,0,0,D,11,15,5,3,8,3,2,0,0,-4,2,5,2,0,2.18,1.56
07/01/2026,Everton,Wolves,1,1,D,13,13,2,4,13,15,1,3,0,0,-2,-2,-2,0,1.13,1.87
07/01/2026,Fulham,Chelsea,2,1,H,16,14,5,6,11,6,3,3,1,2,-1,5,0,1,2.33,2.6400000000000006
07/01/2026,Man City,Brighton,1,1,D,22,6,6,3,6,16,1,6,0,16,3,-10,-5,0,2.8800000000000003,1.2900000000000003
07/01/2026,Burnley,Man United,2,2,D,7,30,1,10,9,8,2,0,0,-23,-9,1,2,0,0.5800000000000001,4.6
07/01/2026,Newcastle,Leeds,4,3,H,18,14,8,6,11,10,3,2,1,4,2,1,1,1,3.5,2.6400000000000006
08/01/2026,Arsenal,Liverpool,0,0,D,9,8,4,0,10,9,2,2,0,1,4,1,0,0,1.75,0.24
17/01/2026,Man United,Man City,2,0,H,11,7,7,1,13,8,2,3,2,4,6,5,-1,1,2.9200000000000004,0.5800000000000001
17/01/2026,Chelsea,Brentford,2,0,H,6,15,2,5,7,10,3,2,2,-9,-3,-3,1,1,0.92,2.3
17/01/2026,Leeds,Fulham,1,0,H,14,8,5,1,6,11,1,5,1,6,4,-5,-4,1,2.27,0.61
17/01/2026,Liverpool,Burnley,1,1,D,32,7,11,1,8,10,1,2,0,25,10,-2,-1,0,5.03,0.5800000000000001
17/01/2026,Sunderland,Crystal Palace,2,1,H,13,6,7,2,8,15,3,3,1,7,5,-7,0,1,2.9800000000000004,0.92
17/01/2026,Tottenham,West Ham,1,2,A,21,17,6,4,12,17,5,3,-1,4,2,-5,2,0,2.8500000000000005,1.9900000000000002
17/01/2026,Nott'm Forest,Arsenal,0,0,D,6,15,0,3,8,14,1,1,0,-9,-3,-6,0,0,0.18,1.56
18/01/2026,Wolves,Newcastle,0,0,D,6,12,2,2,14,8,2,2,0,-6,0,6,0,0,0.92,1.1
18/01/2026,Aston Villa,Everton,0,1,A,18,9,5,3,15,13,1,2,-1,9,2,2,-1,0,2.39,1.3800000000000001
19/01/2026,Brighton,Bournemouth,1,1,D,17,11,5,2,7,6,2,3,0,6,3,1,-1,0,2.36,1.07
24/01/2026,West Ham,Sunderland,3,1,H,13,7,5,2,9,16,2,4,2,6,3,-7,-2,1,2.24,0.9500000000000001
24/01/2026,Burnley,Tottenham,2,2,D,9,18,4,11,8,9,1,0,0,-9,-7,-1,1,0,1.75,4.61
24/01/2026,Fulham,Brighton,2,1,H,12,13,4,5,10,6,1,1,1,-1,-1,4,0,1,1.84,2.24
24/01/2026,Man City,Wolves,2,0,H,11,11,4,1,16,14,1,3,2,0,3,2,-2,1,1.81,0.7
24/01/2026,Bournemouth,Liverpool,3,2,H,12,14,5,4,7,7,1,1,1,-2,1,0,0,1,2.21,1.9000000000000001
25/01/2026,Brentford,Nott'm Forest,0,2,A,10,7,1,2,11,10,1,0,-2,3,-1,1,1,0,0.67,0.9500000000000001
25/01/2026,Crystal Palace,Chelsea,1,3,A,13,10,7,6,11,10,2,2,-2,3,1,1,0,0,2.9800000000000004,2.5200000000000005
25/01/2026,Newcastle,Aston Villa,0,2,A,15,14,4,8,7,12,1,2,-2,1,-4,-5,-1,0,1.9300000000000002,3.3800000000000003
25/01/2026,Arsenal,Man United,2,3,A,15,10,4,3,11,9,2,0,-1,5,1,2,2,0,1.9300000000000002,1.4100000000000001
26/01/2026,Everton,Leeds,1,1,D,10,14,3,4,9,13,0,3,0,-4,-1,-4,-3,0,1.4100000000000001,1.9000000000000001
31/01/2026,Brighton,Everton,1,1,D,11,7,2,4,13,14,1,2,0,4,-2,-1,-1,0,1.07,1.6900000000000002
31/01/2026,Leeds,Arsenal,0,4,A,3,14,1,8,10,7,1,1,-4,-11,-7,3,0,0,0.46,3.3800000000000003
31/01/2026,Wolves,Bournemouth,0,2,A,17,9,7,4,11,15,3,3,-2,8,3,-4,0,0,3.1,1.75
31/01/2026,Chelsea,West Ham,3,2,H,14,11,6,6,11,13,3,2,1,3,0,-2,1,1,2.6400000000000006,2.5500000000000003
31/01/2026,Liverpool,Newcastle,4,1,H,17,8,7,2,11,7,1,3,3,9,5,4,-2,1,3.1,0.98
01/02/2026,Aston Villa,Brentford,0,1,A,27,6,5,2,8,8,0,3,-1,21,3,0,-3,0,2.66,0.92
01/02/2026,Man United,Fulham,3,2,H,13,14,6,6,6,9,2,1,1,-1,0,-3,1,1,2.6100000000000003,2.6400000000000006
01/02/2026,Nott'm Forest,Crystal Palace,1,1,D,9,14,1,3,4,12,1,3,0,-5,-2,-8,-2,0,0.64,1.5300000000000002
01/02/2026,Tottenham,Man City,2,2,D,12,15,6,3,15,12,3,3,0,-3,3,3,0,0,2.5800000000000005,1.56
02/02/2026,Sunderland,Burnley,3,0,H,14,5,5,0,12,10,1,4,3,9,5,2,-3,1,2.27,0.15
06/02/2026,Leeds,Nott'm Forest,3,1,H,14,16,5,6,9,12,1,1,2,-2,-1,-3,0,1,2.27,2.7
07/02/2026,Man United,Tottenham,2,0,H,23,7,10,1,12,11,1,2,2,16,9,1,-1,1,4.39,0.5800000000000001
07/02/2026,Arsenal,Sunderland,3,0,H,16,5,5,3,11,8,1,2,3,11,2,3,-1,1,2.33,1.2600000000000002
07/02/2026,Bournemouth,Aston Villa,1,1,D,20,7,9,4,4,11,1,1,0,13,5,-7,0,0,3.93,1.6900000000000002
07/02/2026,Burnley,West Ham,0,2,A,18,6,5,4,11,10,3,1,-2,12,1,1,2,0,2.39,1.6600000000000001
07/02/2026,Fulham,Everton,1,2,A,13,16,3,3,11,12,1,5,-1,-3,0,-1,-4,0,1.5000000000000002,1.5900000000000003
07/02/2026,Wolves,Chelsea,1,3,A,11,15,3,6,9,10,1,1,-2,-4,-3,-1,0,0,1.4400000000000002,2.6700000000000004
07/02/2026,Newcastle,Brentford,2,3,A,16,11,4,5,14,18,2,2,-1,5,-1,-4,0,0,1.96,2.18
08/02/2026,Brighton,Crystal Palace,0,1,A,7,7,2,4,12,9,1,3,-1,0,-2,3,-2,0,0.9500000000000001,1.6900000000000002
08/02/2026,Liverpool,Man City,1,2,A,15,17,4,7,13,16,2,4,-1,-2,-3,-3,-2,0,1.9300000000000002,3.1
10/02/2026,Chelsea,Leeds,2,2,D,19,4,4,2,9,13,4,4,0,15,2,-4,0,0,2.05,0.8600000000000001
10/02/2026,Everton,Bournemouth,1,2,A,16,11,6,4,14,15,1,3,-1,5,2,-1,-2,0,2.7,1.81
10/02/2026,Tottenham,Newcastle,1,2,A,16,21,2,5,15,11,3,2,-1,-5,-3,4,1,0,1.22,2.48
10/02/2026,West Ham,Man United,1,1,D,7,9,3,3,10,4,1,1,0,-2,0,6,0,0,1.3200000000000003,1.3800000000000001
11/02/2026,Aston Villa,Brighton,1,0,H,15,9,1,3,9,15,2,3,1,6,-2,-6,-1,1,0.8200000000000001,1.3800000000000001
11/02/2026,Crystal Palace,Burnley,2,3,A,21,8,3,3,11,8,2,1,-1,13,0,3,1,0,1.7400000000000002,1.35
11/02/2026,Man City,Fulham,3,0,H,13,14,5,3,8,10,3,1,3,-1,2,-2,2,1,2.24,1.5300000000000002
11/02/2026,Nott'm Forest,Wolves,0,0,D,35,7,10,3,12,13,0,2,0,28,7,-1,-2,0,4.75,1.3200000000000003
11/02/2026,Sunderland,Liverpool,0,1,A,11,23,2,3,8,10,1,0,-1,-12,-1,-2,1,0,1.07,1.8000000000000003
12/02/2026,Brentford,Arsenal,1,1,D,12,7,3,2,12,11,3,2,0,5,1,1,1,0,1.4700000000000002,0.9500000000000001
18/02/2026,Wolves,Arsenal,2,2,D,5,10,2,4,6,8,2,1,0,-5,-2,-2,1,0,0.89,1.78
21/02/2026,Aston Villa,Leeds,1,1,D,16,14,4,4,11,16,1,4,0,2,0,-5,-3,0,1.96,1.9000000000000001
21/02/2026,Brentford,Brighton,0,2,A,13,11,3,7,9,14,1,2,-2,2,-4,-5,-1,0,1.5000000000000002,2.9200000000000004
21/02/2026,Chelsea,Burnley,1,1,D,12,12,2,4,13,11,2,2,0,0,-2,2,0,0,1.1,1.84
21/02/2026,West Ham,Bournemouth,0,0,D,20,10,3,5,10,11,1,1,0,10,-2,-1,0,0,1.7100000000000002,2.15
21/02/2026,Man City,Newcastle,2,1,H,15,13,7,7,12,13,2,5,1,2,0,-1,-3,1,3.04,2.9800000000000004
22/02/2026,Crystal Palace,Wolves,1,0,H,14,12,3,7,19,13,5,1,1,2,-4,6,4,1,1.5300000000000002,2.95
22/02/2026,Nott'm Forest,Liverpool,0,1,A,18,10,2,4,13,9,2,0,-1,8,-2,4,2,0,1.28,1.78
22/02/2026,Sunderland,Fulham,1,3,A,12,12,2,4,6,13,1,1,-2,0,-2,-7,0,0,1.1,1.84
22/02/2026,Tottenham,Arsenal,1,4,A,6,20,5,7,17,11,2,1,-3,-14,-2,6,1,0,2.03,3.1900000000000004
23/02/2026,Everton,Man United,0,1,A,12,11,4,3,12,7,2,3,-1,1,1,5,-1,0,1.84,1.4400000000000002
27/02/2026,Wolves,Aston Villa,2,0,H,9,14,2,5,13,19,3,3,2,-5,-3,-6,0,1,1.01,2.27
28/02/2026,Bournemouth,Sunderland,1,1,D,21,8,5,4,15,12,4,2,0,13,1,3,2,0,2.48,1.7200000000000002
28/02/2026,Burnley,Brentford,3,4,A,12,16,3,7,9,9,2,2,-1,-4,-4,0,0,0,1.4700000000000002,3.0700000000000003
28/02/2026,Liverpool,West Ham,5,2,H,18,11,7,4,12,11,2,2,3,7,3,1,0,1,3.1300000000000003,1.81
28/02/2026,Newcastle,Everton,2,3,A,17,9,7,5,15,7,2,3,-1,8,2,8,-1,0,3.1,2.12
28/02/2026,Leeds,Man City,0,1,A,14,14,2,5,10,8,0,3,-1,0,-3,2,-3,0,1.1600000000000001,2.27
01/03/2026,Brighton,Nott'm Forest,2,1,H,14,13,7,4,12,13,3,1,1,1,3,-1,2,1,3.0100000000000002,1.87
01/03/2026,Fulham,Tottenham,2,1,H,18,13,4,1,11,14,3,3,1,5,3,-3,0,1,2.02,0.76
01/03/2026,Man United,Crystal Palace,2,1,H,20,8,11,3,13,12,2,2,1,12,8,1,0,1,4.67,1.35
01/03/2026,Arsenal,Chelsea,2,1,H,12,9,5,3,11,14,1,3,1,3,2,-3,-2,1,2.21,1.3800000000000001
03/03/2026,Bournemouth,Brentford,0,0,D,13,5,2,2,9,10,2,1,0,8,0,-1,1,0,1.13,0.89
03/03/2026,Everton,Burnley,2,0,H,14,5,5,2,10,12,0,1,2,9,3,-2,-1,1,2.27,0.89
03/03/2026,Leeds,Sunderland,0,1,A,18,3,4,1,15,19,1,3,-1,15,3,-4,-2,0,2.02,0.46
03/03/2026,Wolves,Liverpool,2,1,H,4,19,3,7,10,13,2,1,1,-15,-4,-3,1,1,1.2300000000000002,3.16
04/03/2026,Aston Villa,Chelsea,1,4,A,9,15,4,8,10,9,3,2,-3,-6,-4,1,1,0,1.75,3.41
04/03/2026,Brighton,Arsenal,0,1,A,11,7,3,2,14,12,4,1,-1,4,1,2,3,0,1.4400000000000002,0.9500000000000001
04/03/2026,Fulham,West Ham,0,1,A,13,9,5,3,14,12,2,4,-1,4,2,2,-2,0,2.24,1.3800000000000001
04/03/2026,Man City,Nott'm Forest,2,2,D,21,9,7,4,10,6,0,4,0,12,3,4,-4,0,3.22,1.75
04/03/2026,Newcastle,Man United,2,1,H,12,14,5,5,15,16,2,3,1,-2,0,-1,-1,1,2.21,2.27
05/03/2026,Tottenham,Crystal Palace,1,3,A,12,9,4,4,14,14,3,2,-2,3,0,0,1,0,1.84,1.75
14/03/2026,Burnley,Bournemouth,0,0,D,15,22,2,3,11,5,1,0,0,-7,-1,6,1,0,1.19,1.77
14/03/2026,Sunderland,Brighton,0,1,A,14,12,4,4,7,12,1,2,-1,2,0,-5,-1,0,1.9000000000000001,1.84
14/03/2026,Arsenal,Everton,2,0,H,25,9,7,3,11,12,0,0,2,16,4,-1,0,1,3.3400000000000003,1.3800000000000001
14/03/2026,Chelsea,Newcastle,0,1,A,22,7,3,5,9,10,2,2,-1,15,-2,-1,0,0,1.77,2.06
14/03/2026,West Ham,Man City,1,1,D,1,24,1,6,14,5,2,2,0,-23,-5,9,0,0,0.4,2.9400000000000004
15/03/2026,Crystal Palace,Leeds,0,0,D,12,10,0,3,12,11,2,1,0,2,-3,1,1,0,0.36,1.4100000000000001
15/03/2026,Man United,Aston Villa,3,1,H,16,9,6,2,10,5,3,2,2,7,4,5,1,1,2.7,1.01
15/03/2026,Nott'm Forest,Fulham,0,0,D,11,5,2,0,8,10,2,3,0,6,2,-2,-1,0,1.07,0.15
15/03/2026,Liverpool,Tottenham,1,1,D,17,13,4,7,8,13,0,0,0,4,-3,-5,0,0,1.9900000000000002,2.9800000000000004
16/08/2024,Man United,Fulham,1,0,H,14,10,5,2,12,10,2,3,1,4,3,2,-1,1,2.27,1.04
17/08/2024,Ipswich,Liverpool,0,2,A,7,18,2,5,9,18,3,1,-2,-11,-3,-9,2,0,0.9500000000000001,2.39
17/08/2024,Arsenal,Wolves,2,0,H,18,9,6,3,17,14,2,2,2,9,3,3,0,1,2.7600000000000002,1.3800000000000001
17/08/2024,Everton,Brighton,0,3,A,9,10,1,5,8,8,1,1,-3,-1,-4,0,0,0,0.64,2.15
17/08/2024,Newcastle,Southampton,1,0,H,3,19,1,4,15,16,2,4,1,-16,-3,-1,-2,1,0.46,2.05
17/08/2024,Nott'm Forest,Bournemouth,1,1,D,14,13,8,4,17,8,1,3,0,1,4,9,-2,0,3.3800000000000003,1.87
17/08/2024,West Ham,Aston Villa,1,2,A,14,15,3,3,18,11,1,2,-1,-1,0,7,-1,0,1.5300000000000002,1.56
18/08/2024,Brentford,Crystal Palace,2,1,H,9,14,5,6,6,15,1,5,1,-5,-1,-9,-4,1,2.12,2.6400000000000006
18/08/2024,Chelsea,Man City,0,2,A,10,11,3,5,12,9,1,1,-2,-1,-2,3,0,0,1.4100000000000001,2.18
19/08/2024,Leicester,Tottenham,1,1,D,7,15,3,7,11,12,1,1,0,-8,-4,-1,0,0,1.3200000000000003,3.04
24/08/2024,Brighton,Man United,2,1,H,14,11,5,4,9,13,1,2,1,3,1,-4,-1,1,2.27,1.81
24/08/2024,Crystal Palace,West Ham,0,2,A,14,18,2,3,9,17,1,1,-2,-4,-1,-8,0,0,1.1600000000000001,1.6500000000000001
24/08/2024,Fulham,Leicester,2,1,H,18,10,6,4,14,13,2,2,1,8,2,1,0,1,2.7600000000000002,1.78
24/08/2024,Man City,Ipswich,4,1,H,14,1,5,1,4,15,2,3,3,13,4,-11,-1,1,2.27,0.4
24/08/2024,Southampton,Nott'm Forest,0,1,A,5,23,1,8,14,14,3,3,-1,-18,-7,0,0,0,0.52,3.6500000000000004
24/08/2024,Tottenham,Everton,4,0,H,13,10,7,1,11,15,0,0,4,3,6,-4,0,1,2.9800000000000004,0.67
24/08/2024,Aston Villa,Arsenal,0,2,A,11,9,3,4,8,15,1,3,-2,2,-1,-7,-2,0,1.4400000000000002,1.75
25/08/2024,Bournemouth,Newcastle,1,1,D,16,14,4,5,19,8,2,2,0,2,-1,11,0,0,1.96,2.27
25/08/2024,Wolves,Chelsea,2,6,A,12,14,4,8,13,13,2,3,-4,-2,-4,0,-1,0,1.84,3.3800000000000003
25/08/2024,Liverpool,Brentford,2,0,H,19,8,8,2,10,7,2,3,2,11,6,3,-1,1,3.5300000000000002,0.98
31/08/2024,Arsenal,Brighton,1,1,D,11,22,7,4,12,7,3,2,0,-11,3,5,1,0,2.9200000000000004,2.14
31/08/2024,Brentford,Southampton,3,1,H,20,18,7,6,10,7,2,1,2,2,1,3,1,1,3.1900000000000004,2.7600000000000002
31/08/2024,Everton,Bournemouth,2,3,A,18,17,8,7,6,1,2,1,-1,1,1,5,1,0,3.5,3.1
31/08/2024,Ipswich,Fulham,1,1,D,11,9,4,4,15,15,2,3,0,2,0,0,-1,0,1.81,1.75
31/08/2024,Leicester,Aston Villa,1,2,A,9,10,3,5,13,21,4,5,-1,-1,-2,-8,-1,0,1.3800000000000001,2.15
31/08/2024,Nott'm Forest,Wolves,1,1,D,16,11,5,3,15,18,3,4,0,5,2,-3,-1,0,2.33,1.4400000000000002
31/08/2024,West Ham,Man City,1,3,A,10,23,2,8,10,3,3,2,-2,-13,-6,7,1,0,1.04,3.6500000000000004
01/09/2024,Chelsea,Crystal Palace,1,1,D,13,9,7,3,9,13,4,2,0,4,4,-4,2,0,2.9800000000000004,1.3800000000000001
01/09/2024,Newcastle,Tottenham,2,1,H,9,20,3,6,16,13,4,4,1,-11,-3,3,0,1,1.3800000000000001,2.8200000000000003
01/09/2024,Man United,Liverpool,0,3,A,8,11,3,3,7,7,4,1,-3,-3,0,0,3,0,1.35,1.4400000000000002
14/09/2024,Southampton,Man United,0,3,A,6,20,4,10,11,14,1,4,-3,-14,-6,-3,-3,0,1.6600000000000001,4.3
14/09/2024,Brighton,Ipswich,0,0,D,21,6,6,1,14,16,4,3,0,15,5,-2,1,0,2.8500000000000005,0.55
14/09/2024,Crystal Palace,Leicester,2,2,D,20,9,4,4,11,15,0,3,0,11,0,-4,-3,0,2.08,1.75
14/09/2024,Fulham,West Ham,1,1,D,21,11,5,3,15,18,2,3,0,10,2,-3,-1,0,2.48,1.4400000000000002
14/09/2024,Liverpool,Nott'm Forest,0,1,A,14,5,5,3,15,6,4,4,-1,9,2,9,0,0,2.27,1.2600000000000002
14/09/2024,Man City,Brentford,2,1,H,18,8,7,5,9,3,3,1,1,10,2,6,2,1,3.1300000000000003,2.09
14/09/2024,Aston Villa,Everton,3,2,H,17,6,8,2,10,12,1,4,1,11,6,-2,-3,1,3.47,0.92
14/09/2024,Bournemouth,Chelsea,0,1,A,19,10,7,3,16,9,6,8,-1,9,4,7,-2,0,3.16,1.4100000000000001
15/09/2024,Tottenham,Arsenal,0,1,A,15,7,5,4,13,10,5,3,-1,8,1,3,2,0,2.3,1.6900000000000002
15/09/2024,Wolves,Newcastle,1,2,A,12,14,5,6,17,6,3,3,-1,-2,-1,11,0,0,2.21,2.6400000000000006
21/09/2024,West Ham,Chelsea,0,3,A,15,12,7,5,17,9,5,2,-3,3,2,8,3,0,3.04,2.21
21/09/2024,Aston Villa,Wolves,3,1,H,9,10,4,4,11,16,3,6,2,-1,0,-5,-3,1,1.75,1.78
21/09/2024,Fulham,Newcastle,3,1,H,22,15,11,4,16,8,6,0,2,7,7,8,6,1,4.73,1.9300000000000002
21/09/2024,Leicester,Everton,1,1,D,12,16,2,5,11,12,1,2,0,-4,-3,-1,-1,0,1.1,2.33
21/09/2024,Liverpool,Bournemouth,3,0,H,19,19,13,6,10,12,1,4,3,0,7,-2,-3,1,5.38,2.7900000000000005
21/09/2024,Southampton,Ipswich,1,1,D,11,13,3,6,16,16,4,4,0,-2,-3,0,0,0,1.4400000000000002,2.6100000000000003
21/09/2024,Tottenham,Brentford,3,1,H,23,6,10,6,11,9,3,1,2,17,4,2,2,1,4.39,2.4000000000000004
21/09/2024,Crystal Palace,Man United,0,0,D,9,15,4,6,7,12,3,1,0,-6,-2,-5,2,0,1.75,2.6700000000000004
22/09/2024,Brighton,Nott'm Forest,2,2,D,14,4,3,3,12,11,3,4,0,10,0,1,-1,0,1.5300000000000002,1.2300000000000002
22/09/2024,Man City,Arsenal,2,2,D,33,5,11,3,7,10,3,4,0,28,8,-3,-1,0,5.0600000000000005,1.2600000000000002
28/09/2024,Newcastle,Man City,1,1,D,11,16,4,6,14,10,4,4,0,-5,-2,4,0,0,1.81,2.7
28/09/2024,Arsenal,Leicester,4,2,H,36,5,16,3,11,6,2,4,2,31,13,5,-2,1,7.0,1.2600000000000002
28/09/2024,Brentford,West Ham,1,1,D,8,19,3,3,2,11,2,3,0,-11,0,-9,-1,0,1.35,1.6800000000000002
28/09/2024,Chelsea,Brighton,4,2,H,15,15,7,5,11,8,3,2,2,0,2,3,1,1,3.04,2.3
28/09/2024,Everton,Crystal Palace,2,1,H,8,17,2,5,13,11,2,1,1,-9,-3,2,1,1,0.98,2.36
28/09/2024,Nott'm Forest,Fulham,0,1,A,11,14,1,2,11,15,2,4,-1,-3,-1,-4,-2,0,0.7,1.1600000000000001
28/09/2024,Wolves,Liverpool,1,2,A,8,10,3,6,16,8,2,3,-1,-2,-3,8,-1,0,1.35,2.5200000000000005
29/09/2024,Ipswich,Aston Villa,2,2,D,15,7,5,3,10,14,4,1,0,8,2,-4,3,0,2.3,1.3200000000000003
29/09/2024,Man United,Tottenham,0,3,A,11,24,2,10,16,14,5,3,-3,-13,-8,2,2,0,1.07,4.42
30/09/2024,Bournemouth,Southampton,3,1,H,14,9,6,3,19,12,2,5,2,5,3,7,-3,1,2.6400000000000006,1.3800000000000001
05/10/2024,Crystal Palace,Liverpool,0,1,A,9,16,5,4,7,15,4,2,-1,-7,1,-8,2,0,2.12,1.96
05/10/2024,Arsenal,Southampton,3,1,H,29,8,6,2,10,9,0,3,2,21,4,1,-3,1,3.0900000000000003,0.98
05/10/2024,Brentford,Wolves,5,3,H,19,17,12,6,9,10,2,3,2,2,6,-1,-1,1,5.010000000000001,2.7300000000000004
05/10/2024,Leicester,Bournemouth,1,0,H,6,17,2,2,12,14,4,1,1,-11,0,-2,3,1,0.92,1.25
05/10/2024,Man City,Fulham,3,2,H,20,11,7,4,4,10,2,1,1,9,3,-6,1,1,3.1900000000000004,1.81
05/10/2024,West Ham,Ipswich,4,1,H,23,9,13,2,12,6,0,1,3,14,11,6,-1,1,5.5,1.01
05/10/2024,Everton,Newcastle,0,0,D,8,14,2,3,12,8,1,2,0,-6,-1,4,-1,0,0.98,1.5300000000000002
06/10/2024,Aston Villa,Man United,0,0,D,11,10,1,4,12,11,1,5,0,1,-3,1,-4,0,0.7,1.78
06/10/2024,Chelsea,Nott'm Forest,1,1,D,22,16,8,9,12,11,6,2,0,6,-1,1,4,0,3.62,3.81
06/10/2024,Brighton,Tottenham,3,2,H,11,13,4,3,14,10,2,2,1,-2,1,4,0,1,1.81,1.5000000000000002
19/10/2024,Tottenham,West Ham,4,1,H,22,11,7,4,10,15,1,3,3,11,3,-5,-2,1,3.25,1.81
19/10/2024,Fulham,Aston Villa,1,3,A,10,14,4,5,8,11,3,3,-2,-4,-1,-3,0,0,1.78,2.27
19/10/2024,Ipswich,Everton,0,2,A,13,11,2,8,12,10,1,1,-2,2,-6,2,0,0,1.13,3.29
19/10/2024,Man United,Brentford,2,1,H,23,8,11,2,14,5,2,2,1,15,9,9,0,1,4.760000000000001,0.98
19/10/2024,Newcastle,Brighton,0,1,A,21,10,6,5,11,9,2,2,-1,11,1,2,0,0,2.8500000000000005,2.15
19/10/2024,Southampton,Leicester,2,3,A,14,18,7,4,10,10,5,3,-1,-4,3,0,2,0,3.0100000000000002,2.02
19/10/2024,Bournemouth,Arsenal,2,0,H,13,6,4,1,12,11,1,1,2,7,3,1,0,1,1.87,0.55
20/10/2024,Wolves,Man City,1,2,A,3,22,2,7,8,5,4,1,-1,-19,-5,3,3,0,0.8300000000000001,3.25
20/10/2024,Liverpool,Chelsea,2,1,H,9,12,5,2,12,13,4,3,1,-3,3,-1,1,1,2.12,1.1
21/10/2024,Nott'm Forest,Crystal Palace,1,0,H,20,20,6,7,9,12,2,3,1,0,-1,-3,-1,1,2.8200000000000003,3.1900000000000004
25/10/2024,Leicester,Nott'm Forest,1,3,A,11,20,1,5,16,9,5,2,-2,-9,-4,7,3,0,0.7,2.45
26/10/2024,Aston Villa,Bournemouth,1,1,D,18,11,8,3,12,14,7,6,0,7,5,-2,1,0,3.5,1.4400000000000002
26/10/2024,Brentford,Ipswich,4,3,H,20,11,9,5,7,10,0,1,1,9,4,-3,-1,1,3.93,2.18
26/10/2024,Brighton,Wolves,2,2,D,19,14,6,7,12,10,3,3,0,5,-1,2,0,0,2.7900000000000005,3.0100000000000002
26/10/2024,Man City,Southampton,1,0,H,22,5,8,2,9,9,1,3,1,17,6,0,-2,1,3.62,0.89
26/10/2024,Everton,Fulham,1,1,D,10,14,5,3,8,8,1,0,0,-4,2,0,1,0,2.15,1.5300000000000002
27/10/2024,Chelsea,Newcastle,2,1,H,17,11,7,3,13,16,6,3,1,6,4,-3,3,1,3.1,1.4400000000000002
27/10/2024,Crystal Palace,Tottenham,1,0,H,14,11,6,3,16,12,4,4,1,3,3,4,0,1,2.6400000000000006,1.4400000000000002
27/10/2024,West Ham,Man United,2,1,H,12,18,3,5,6,7,5,1,1,-6,-2,-1,4,1,1.4700000000000002,2.39
27/10/2024,Arsenal,Liverpool,2,2,D,9,9,3,4,14,14,2,2,0,0,-1,0,0,0,1.3800000000000001,1.75
02/11/2024,Newcastle,Arsenal,1,0,H,9,10,4,1,16,18,4,4,1,-1,3,-2,0,1,1.75,0.67
02/11/2024,Bournemouth,Man City,2,1,H,12,18,6,4,11,6,2,1,1,-6,2,5,1,1,2.5800000000000005,2.02
02/11/2024,Ipswich,Leicester,1,1,D,14,20,2,6,11,10,4,2,0,-6,-4,1,2,0,1.1600000000000001,2.8200000000000003
02/11/2024,Liverpool,Brighton,2,1,H,16,13,8,5,10,18,1,1,1,3,3,-8,0,1,3.4400000000000004,2.24
02/11/2024,Nott'm Forest,West Ham,3,0,H,19,4,6,2,7,9,1,2,3,15,4,-2,-1,1,2.7900000000000005,0.8600000000000001
02/11/2024,Southampton,Everton,1,0,H,9,16,2,5,14,18,4,2,1,-7,-3,-4,2,1,1.01,2.33
02/11/2024,Wolves,Crystal Palace,2,2,D,11,19,6,7,7,9,1,2,0,-8,-1,-2,-1,0,2.5500000000000003,3.16
03/11/2024,Tottenham,Aston Villa,4,1,H,16,12,6,1,14,14,2,0,3,4,5,0,2,1,2.7,0.73
03/11/2024,Man United,Chelsea,1,1,D,11,12,4,3,19,14,6,2,0,-1,1,5,4,0,1.81,1.4700000000000002
04/11/2024,Fulham,Brentford,2,1,H,26,5,12,2,3,10,2,1,1,21,10,-7,1,1,5.220000000000001,0.89
09/11/2024,Brentford,Bournemouth,3,2,H,12,15,6,3,8,16,2,4,1,-3,3,-8,-2,1,2.5800000000000005,1.56
09/11/2024,Crystal Palace,Fulham,0,2,A,13,17,5,7,10,11,1,1,-2,-4,-2,-1,0,0,2.24,3.1
09/11/2024,West Ham,Everton,0,0,D,11,18,6,4,10,9,1,2,0,-7,2,1,-1,0,2.5500000000000003,2.02
09/11/2024,Wolves,Southampton,2,0,H,8,9,4,0,14,12,1,4,2,-1,4,2,-3,1,1.7200000000000002,0.27
09/11/2024,Brighton,Man City,2,1,H,10,15,4,6,12,10,3,3,1,-5,-2,2,0,1,1.78,2.6700000000000004
09/11/2024,Liverpool,Aston Villa,2,0,H,14,12,5,2,11,15,0,3,2,2,3,-4,-3,1,2.27,1.1
10/11/2024,Man United,Leicester,3,0,H,13,6,3,5,9,5,0,1,3,7,-2,4,-1,1,1.5000000000000002,2.03
10/11/2024,Nott'm Forest,Newcastle,1,3,A,9,17,3,6,13,6,1,1,-2,-8,-3,7,0,0,1.3800000000000001,2.7300000000000004
10/11/2024,Tottenham,Ipswich,1,2,A,17,8,5,3,10,19,1,5,-1,9,2,-9,-4,0,2.36,1.35
10/11/2024,Chelsea,Arsenal,1,1,D,17,13,3,3,12,12,4,2,0,4,0,0,2,0,1.62,1.5000000000000002
23/11/2024,Leicester,Chelsea,1,2,A,4,16,1,7,15,12,4,3,-1,-12,-6,3,1,0,0.49,3.0700000000000003
23/11/2024,Arsenal,Nott'm Forest,3,0,H,19,7,7,0,10,1,3,2,3,12,7,9,1,1,3.16,0.21
23/11/2024,Aston Villa,Crystal Palace,2,2,D,17,13,5,6,10,11,3,2,0,4,-1,-1,1,0,2.36,2.6100000000000003
23/11/2024,Bournemouth,Brighton,1,2,A,19,6,5,4,13,10,2,2,-1,13,1,3,0,0,2.42,1.6600000000000001
23/11/2024,Everton,Brentford,0,0,D,27,9,5,2,8,10,0,0,0,18,3,-2,0,0,2.66,1.01
23/11/2024,Fulham,Wolves,1,4,A,10,10,3,5,14,14,3,0,-3,0,-2,0,3,0,1.4100000000000001,2.15
23/11/2024,Man City,Tottenham,0,4,A,23,9,5,7,19,9,4,2,-4,14,-2,10,2,0,2.54,2.8600000000000003
24/11/2024,Southampton,Liverpool,2,3,A,7,27,5,11,11,9,3,4,-1,-20,-6,2,-1,0,2.06,4.880000000000001
24/11/2024,Ipswich,Man United,1,1,D,11,11,6,4,11,10,0,0,0,0,2,1,0,0,2.5500000000000003,1.81
25/11/2024,Newcastle,West Ham,0,2,A,18,15,2,6,11,8,1,0,-2,3,-4,3,1,0,1.28,2.6700000000000004
29/11/2024,Brighton,Southampton,1,1,D,22,10,5,2,20,16,2,4,0,12,3,4,-2,0,2.51,1.04
30/11/2024,Brentford,Leicester,4,1,H,13,7,6,3,9,10,1,1,3,6,3,-1,0,1,2.6100000000000003,1.3200000000000003
30/11/2024,Crystal Palace,Newcastle,1,1,D,16,1,4,0,12,11,3,3,0,15,4,1,0,0,1.96,0.03
30/11/2024,Nott'm Forest,Ipswich,1,0,H,12,7,5,3,5,16,1,3,1,5,2,-11,-2,1,2.21,1.3200000000000003
30/11/2024,Wolves,Bournemouth,2,4,A,10,12,3,8,13,11,4,1,-2,-2,-5,2,3,0,1.4100000000000001,3.3200000000000003
30/11/2024,West Ham,Arsenal,2,5,A,12,16,5,7,10,13,4,1,-3,-4,-2,-3,3,0,2.21,3.0700000000000003
01/12/2024,Chelsea,Aston Villa,3,0,H,17,10,8,4,21,6,2,2,3,7,4,15,0,1,3.47,1.78
01/12/2024,Man United,Everton,4,0,H,11,8,5,2,12,12,2,3,4,3,3,0,-1,1,2.18,0.98
01/12/2024,Tottenham,Fulham,1,1,D,8,14,3,6,4,14,0,1,0,-6,-3,-10,-1,0,1.35,2.6400000000000006
01/12/2024,Liverpool,Man City,2,0,H,18,8,7,2,9,8,1,3,2,10,5,1,-2,1,3.1300000000000003,0.98
03/12/2024,Ipswich,Crystal Palace,0,1,A,9,13,2,3,14,13,2,4,-1,-4,-1,1,-2,0,1.01,1.5000000000000002
03/12/2024,Leicester,West Ham,3,1,H,8,31,6,10,9,7,2,2,2,-23,-4,2,0,1,2.4600000000000004,4.63
04/12/2024,Everton,Wolves,4,0,H,13,6,4,2,10,8,2,0,4,7,2,2,2,1,1.87,0.92
04/12/2024,Man City,Nott'm Forest,3,0,H,17,12,7,3,7,15,2,4,3,5,4,-8,-2,1,3.1,1.4700000000000002
04/12/2024,Newcastle,Liverpool,3,3,D,17,16,6,5,9,17,2,5,0,1,1,-8,-3,0,2.7300000000000004,2.33
04/12/2024,Southampton,Chelsea,1,5,A,6,26,4,13,7,14,1,0,-4,-20,-9,-7,1,0,1.6600000000000001,5.59
04/12/2024,Arsenal,Man United,2,0,H,14,5,6,2,12,8,1,3,2,9,4,4,-2,1,2.6400000000000006,0.89
04/12/2024,Aston Villa,Brentford,3,1,H,20,9,10,1,11,15,2,2,2,11,9,-4,0,1,4.3,0.64
05/12/2024,Fulham,Brighton,3,1,H,6,13,2,3,7,8,2,2,2,-7,-1,-1,0,1,0.92,1.5000000000000002
05/12/2024,Bournemouth,Tottenham,1,0,H,21,12,8,4,15,8,2,2,1,9,4,7,0,1,3.5900000000000003,1.84
07/12/2024,Aston Villa,Southampton,1,0,H,18,4,5,0,18,15,1,3,1,14,5,3,-2,1,2.39,0.12
07/12/2024,Brentford,Newcastle,4,2,H,11,16,8,3,10,7,3,0,2,-5,5,3,3,1,3.29,1.5900000000000003
07/12/2024,Crystal Palace,Man City,2,2,D,12,12,3,4,4,10,1,0,0,0,-1,-6,1,0,1.4700000000000002,1.84
07/12/2024,Man United,Nott'm Forest,2,3,A,17,11,7,3,10,13,0,2,-1,6,4,-3,-2,0,3.1,1.4400000000000002
08/12/2024,Fulham,Arsenal,1,1,D,2,12,2,4,10,9,4,2,0,-10,-2,1,2,0,0.8,1.84
08/12/2024,Ipswich,Bournemouth,1,2,A,18,22,5,6,9,13,2,1,-1,-4,-1,-4,1,0,2.39,2.8800000000000003
08/12/2024,Leicester,Brighton,2,2,D,10,16,3,7,9,10,1,2,0,-6,-4,-1,-1,0,1.4100000000000001,3.0700000000000003
08/12/2024,Tottenham,Chelsea,3,4,A,13,17,5,8,17,11,2,2,-1,-4,-3,6,0,0,2.24,3.47
09/12/2024,West Ham,Wolves,2,1,H,19,19,4,5,12,17,5,4,1,0,-1,-5,1,1,2.05,2.42
14/12/2024,Arsenal,Everton,0,0,D,13,2,5,0,6,9,0,3,0,11,5,-3,-3,0,2.24,0.06
14/12/2024,Liverpool,Fulham,2,2,D,16,12,4,3,10,7,3,4,0,4,1,3,-1,0,1.96,1.4700000000000002
14/12/2024,Newcastle,Leicester,4,0,H,27,4,11,1,7,16,3,3,4,23,10,-9,0,1,4.880000000000001,0.49
14/12/2024,Wolves,Ipswich,1,2,A,16,10,6,5,13,9,0,2,-1,6,1,4,-2,0,2.7,2.15
14/12/2024,Nott'm Forest,Aston Villa,2,1,H,17,8,6,2,12,6,0,1,1,9,4,6,-1,1,2.7300000000000004,0.98
15/12/2024,Brighton,Crystal Palace,1,3,A,17,13,5,5,11,15,1,4,-2,4,0,-4,-3,0,2.36,2.24
15/12/2024,Man City,Man United,1,2,A,10,10,3,3,5,14,1,1,-1,0,0,-9,0,0,1.4100000000000001,1.4100000000000001
15/12/2024,Chelsea,Brentford,2,1,H,26,9,8,4,11,7,0,2,1,17,4,4,-2,1,3.74,1.75
15/12/2024,Southampton,Tottenham,0,5,A,9,18,3,9,8,15,1,3,-5,-9,-6,-7,-2,0,1.3800000000000001,3.87
16/12/2024,Bournemouth,West Ham,1,1,D,29,16,9,3,6,11,0,2,0,13,6,-5,-2,0,4.2,1.5900000000000003
21/12/2024,Aston Villa,Man City,2,1,H,11,12,6,6,14,7,3,3,1,-1,0,7,0,1,2.5500000000000003,2.5800000000000005
21/12/2024,Brentford,Nott'm Forest,0,2,A,7,10,3,6,9,14,3,4,-2,-3,-3,-5,-1,0,1.3200000000000003,2.5200000000000005
21/12/2024,Ipswich,Newcastle,0,4,A,10,15,2,7,9,7,2,0,-4,-5,-5,2,2,0,1.04,3.04
21/12/2024,West Ham,Brighton,1,1,D,11,12,4,6,14,20,2,2,0,-1,-2,-6,0,0,1.81,2.5800000000000005
21/12/2024,Crystal Palace,Arsenal,1,5,A,15,14,6,6,9,8,2,2,-4,1,0,1,0,0,2.6700000000000004,2.6400000000000006
22/12/2024,Everton,Chelsea,0,0,D,5,12,4,5,20,12,4,1,0,-7,-1,8,3,0,1.6300000000000001,2.21
22/12/2024,Fulham,Southampton,0,0,D,16,5,5,1,8,15,1,3,0,11,4,-7,-2,0,2.33,0.52
22/12/2024,Leicester,Wolves,0,3,A,9,8,5,4,15,16,2,0,-3,1,1,-1,2,0,2.12,1.7200000000000002
22/12/2024,Man United,Bournemouth,0,3,A,23,10,7,5,11,11,1,3,-3,13,2,0,-2,0,3.2800000000000002,2.15
22/12/2024,Tottenham,Liverpool,3,6,A,9,24,5,12,7,9,1,2,-3,-15,-7,-2,-1,0,2.12,5.160000000000001
26/12/2024,Man City,Everton,1,1,D,24,8,5,3,5,10,1,4,0,16,2,-5,-3,0,2.57,1.35
26/12/2024,Bournemouth,Crystal Palace,0,0,D,18,10,4,4,13,12,2,2,0,8,0,1,0,0,2.02,1.78
26/12/2024,Chelsea,Fulham,1,2,A,12,14,8,7,13,13,1,3,-1,-2,1,0,-2,0,3.3200000000000003,3.0100000000000002
26/12/2024,Newcastle,Aston Villa,3,0,H,22,4,8,1,15,10,2,1,3,18,7,5,1,1,3.62,0.49
26/12/2024,Nott'm Forest,Tottenham,1,0,H,10,13,3,4,12,13,3,2,1,-3,-1,-1,1,1,1.4100000000000001,1.87
26/12/2024,Southampton,West Ham,0,1,A,18,16,5,2,15,8,1,2,-1,2,3,7,-1,0,2.39,1.22
26/12/2024,Wolves,Man United,2,0,H,7,11,4,4,12,12,2,2,2,-4,0,0,0,1,1.6900000000000002,1.81
26/12/2024,Liverpool,Leicester,3,1,H,19,4,7,1,17,5,3,2,2,15,6,12,1,1,3.16,0.49
27/12/2024,Brighton,Brentford,0,0,D,24,8,7,3,6,12,0,2,0,16,4,-6,-2,0,3.3100000000000005,1.35
27/12/2024,Arsenal,Ipswich,1,0,H,13,3,5,0,7,12,1,1,1,10,5,-5,0,1,2.24,0.09
29/12/2024,Leicester,Man City,0,2,A,11,14,4,5,11,6,2,1,-2,-3,-1,5,1,0,1.81,2.27
29/12/2024,Crystal Palace,Southampton,2,1,H,19,7,10,3,18,19,2,3,1,12,7,-1,-1,1,4.27,1.3200000000000003
29/12/2024,Everton,Nott'm Forest,0,2,A,13,11,2,7,13,10,4,1,-2,2,-5,3,3,0,1.13,2.9200000000000004
29/12/2024,Fulham,Bournemouth,2,2,D,11,16,6,9,7,16,1,3,0,-5,-3,-9,-2,0,2.5500000000000003,3.81
29/12/2024,Tottenham,Wolves,2,2,D,13,11,3,3,9,10,1,2,0,2,0,-1,-1,0,1.5000000000000002,1.4400000000000002
29/12/2024,West Ham,Liverpool,0,5,A,7,22,0,13,7,10,0,0,-5,-15,-13,-3,0,0,0.21,5.470000000000001
30/12/2024,Aston Villa,Brighton,2,2,D,20,13,4,4,9,14,2,3,0,7,0,-5,-1,0,2.08,1.87
30/12/2024,Ipswich,Chelsea,2,0,H,9,20,6,5,9,5,4,4,2,-11,1,4,0,1,2.49,2.45
30/12/2024,Man United,Newcastle,0,2,A,10,12,0,4,13,8,1,1,-2,-2,-4,5,0,0,0.3,1.84
01/01/2025,Brentford,Arsenal,1,3,A,5,14,2,5,6,8,1,2,-2,-9,-3,-2,-1,0,0.89,2.27
04/01/2025,Tottenham,Newcastle,1,2,A,13,14,4,4,11,15,1,4,-1,-1,0,-4,-3,0,1.87,1.9000000000000001
04/01/2025,Aston Villa,Leicester,2,1,H,13,4,5,2,10,11,0,1,1,9,3,-1,-1,1,2.24,0.8600000000000001
04/01/2025,Bournemouth,Everton,1,0,H,19,9,8,0,15,14,2,2,1,10,8,1,0,1,3.5300000000000002,0.27
04/01/2025,Crystal Palace,Chelsea,1,1,D,13,15,6,1,9,12,0,2,0,-2,5,-3,-2,0,2.6100000000000003,0.8200000000000001
04/01/2025,Man City,West Ham,4,1,H,10,17,7,4,8,13,2,1,3,-7,3,-5,1,1,2.89,1.9900000000000002
04/01/2025,Southampton,Brentford,0,5,A,8,20,1,11,10,4,2,0,-5,-12,-10,6,2,0,0.61,4.67
04/01/2025,Brighton,Arsenal,1,1,D,11,9,4,3,17,14,2,3,0,2,1,3,-1,0,1.81,1.3800000000000001
05/01/2025,Fulham,Ipswich,2,2,D,15,7,4,3,10,14,1,5,0,8,1,-4,-4,0,1.9300000000000002,1.3200000000000003
05/01/2025,Liverpool,Man United,2,2,D,19,13,6,4,10,13,2,4,0,6,2,-3,-2,0,2.7900000000000005,1.87
06/01/2025,Wolves,Nott'm Forest,0,3,A,13,11,6,3,10,8,1,2,-3,2,3,2,-1,0,2.6100000000000003,1.4400000000000002
14/01/2025,Brentford,Man City,2,2,D,18,21,6,8,4,4,0,0,0,-3,-2,0,0,0,2.7600000000000002,3.5900000000000003
14/01/2025,Chelsea,Bournemouth,2,2,D,26,7,10,3,15,16,2,3,0,19,7,-1,-1,0,4.48,1.3200000000000003
14/01/2025,West Ham,Fulham,3,2,H,4,21,3,5,9,18,3,3,1,-17,-2,-9,0,1,1.2300000000000002,2.48
14/01/2025,Nott'm Forest,Liverpool,1,1,D,6,23,3,7,7,10,2,1,0,-17,-4,-3,1,0,1.2900000000000003,3.2800000000000002
15/01/2025,Everton,Aston Villa,0,1,A,10,11,3,3,17,10,2,1,-1,-1,0,7,1,0,1.4100000000000001,1.4400000000000002
15/01/2025,Leicester,Crystal Palace,0,2,A,21,9,4,4,7,6,0,0,-2,12,0,1,0,0,2.1100000000000003,1.75
15/01/2025,Newcastle,Wolves,3,0,H,17,13,5,7,10,13,0,2,3,4,-2,-3,-2,1,2.36,2.9800000000000004
15/01/2025,Arsenal,Tottenham,2,1,H,14,10,4,2,16,9,3,1,1,4,2,7,2,1,1.9000000000000001,1.04
16/01/2025,Ipswich,Brighton,0,2,A,5,11,3,5,13,14,2,2,-2,-6,-2,-1,0,0,1.2600000000000002,2.18
16/01/2025,Man United,Southampton,3,1,H,23,13,9,5,7,10,1,3,2,10,4,-3,-2,1,4.0200000000000005,2.24
18/01/2025,Newcastle,Bournemouth,1,4,A,13,19,5,10,7,18,1,6,-3,-6,-5,-11,-5,0,2.24,4.27
18/01/2025,Brentford,Liverpool,0,2,A,11,37,6,8,6,14,2,3,-2,-26,-2,-8,-1,0,2.5500000000000003,4.07
18/01/2025,Leicester,Fulham,0,2,A,8,17,4,2,8,8,3,1,-2,-9,2,0,2,0,1.7200000000000002,1.25
18/01/2025,West Ham,Crystal Palace,0,2,A,7,12,0,7,13,10,1,0,-2,-5,-7,3,1,0,0.21,2.95
18/01/2025,Arsenal,Aston Villa,2,2,D,18,8,6,4,10,18,2,3,0,10,2,-8,-1,0,2.7600000000000002,1.7200000000000002
19/01/2025,Everton,Tottenham,3,2,H,12,11,6,6,14,14,2,1,1,1,0,0,1,1,2.5800000000000005,2.5500000000000003
19/01/2025,Man United,Brighton,1,3,A,10,6,1,3,13,12,3,3,-2,4,-2,1,0,0,0.67,1.2900000000000003
19/01/2025,Nott'm Forest,Southampton,3,2,H,14,10,5,4,4,18,0,4,1,4,1,-14,-4,1,2.27,1.78
19/01/2025,Ipswich,Man City,0,6,A,8,17,4,9,4,7,0,1,-6,-9,-5,-3,-1,0,1.7200000000000002,3.84
20/01/2025,Chelsea,Wolves,3,1,H,19,9,7,4,8,14,4,2,2,10,3,-6,2,1,3.16,1.75
25/01/2025,Bournemouth,Nott'm Forest,5,0,H,16,18,10,4,9,12,2,3,5,-2,6,-3,-1,1,4.18,2.02
25/01/2025,Brighton,Everton,0,1,A,16,3,1,1,8,11,3,4,-1,13,0,-3,-1,0,0.85,0.46
25/01/2025,Liverpool,Ipswich,4,1,H,16,3,6,3,10,11,0,2,3,13,3,-1,-2,1,2.7,1.2000000000000002
25/01/2025,Southampton,Newcastle,1,3,A,12,17,5,9,10,5,1,0,-2,-5,-4,5,1,0,2.21,3.84
25/01/2025,Wolves,Arsenal,0,1,A,9,9,4,3,20,10,0,1,-1,0,1,10,-1,0,1.75,1.3800000000000001
25/01/2025,Man City,Chelsea,3,1,H,15,10,6,4,6,8,3,2,2,5,2,-2,1,1,2.6700000000000004,1.78
26/01/2025,Crystal Palace,Brentford,1,2,A,16,13,5,6,8,11,2,2,-1,3,-1,-3,0,0,2.33,2.6100000000000003
26/01/2025,Tottenham,Leicester,1,2,A,15,12,6,3,6,16,1,5,-1,3,3,-10,-4,0,2.6700000000000004,1.4700000000000002
26/01/2025,Aston Villa,West Ham,1,1,D,14,14,4,4,13,16,2,3,0,0,0,-3,-1,0,1.9000000000000001,1.9000000000000001
26/01/2025,Fulham,Man United,0,1,A,9,4,3,1,7,9,0,1,-1,5,2,-2,-1,0,1.3800000000000001,0.49
01/02/2025,Nott'm Forest,Brighton,7,0,H,14,10,9,5,8,13,1,3,7,4,4,-5,-2,1,3.75,2.15
01/02/2025,Bournemouth,Liverpool,0,2,A,14,19,3,7,15,9,2,3,-2,-5,-4,6,-1,0,1.5300000000000002,3.16
01/02/2025,Everton,Leicester,4,0,H,13,9,7,1,7,13,0,0,4,4,6,-6,0,1,2.9800000000000004,0.64
01/02/2025,Ipswich,Southampton,1,2,A,15,9,6,4,11,14,0,3,-1,6,2,-3,-3,0,2.6700000000000004,1.75
01/02/2025,Newcastle,Fulham,1,2,A,11,15,4,4,10,15,4,4,-1,-4,0,-5,0,0,1.81,1.9300000000000002
01/02/2025,Wolves,Aston Villa,2,0,H,8,10,5,3,20,13,2,3,2,-2,2,7,-1,1,2.09,1.4100000000000001
02/02/2025,Brentford,Tottenham,0,2,A,20,13,4,2,4,11,0,1,-2,7,2,-7,-1,0,2.08,1.13
02/02/2025,Man United,Crystal Palace,0,2,A,17,11,2,3,12,13,3,1,-2,6,-1,-1,2,0,1.25,1.4400000000000002
02/02/2025,Arsenal,Man City,5,1,H,12,7,7,4,6,7,2,0,4,5,3,-1,2,1,2.95,1.6900000000000002
03/02/2025,Chelsea,West Ham,2,1,H,22,14,3,5,11,10,3,1,1,8,-2,1,2,1,1.77,2.27
12/02/2025,Everton,Liverpool,2,2,D,10,6,3,4,9,20,2,2,0,4,-1,-11,0,0,1.4100000000000001,1.6600000000000001
14/02/2025,Brighton,Chelsea,3,0,H,13,8,5,0,12,15,1,2,3,5,5,-3,-1,1,2.24,0.24
15/02/2025,Leicester,Arsenal,0,2,A,6,11,2,5,9,10,2,1,-2,-5,-3,-1,1,0,0.92,2.18
15/02/2025,Aston Villa,Ipswich,1,1,D,25,4,6,3,7,11,0,3,0,21,3,-4,-3,0,2.97,1.2300000000000002
15/02/2025,Fulham,Nott'm Forest,2,1,H,24,8,10,2,13,8,0,0,1,16,8,5,0,1,4.42,0.98
15/02/2025,Man City,Newcastle,4,0,H,11,3,7,1,5,13,0,1,4,8,6,-8,-1,1,2.9200000000000004,0.46
15/02/2025,Southampton,Bournemouth,1,3,A,11,14,4,7,13,15,1,3,-2,-3,-3,-2,-2,0,1.81,3.0100000000000002
15/02/2025,West Ham,Brentford,0,1,A,13,14,3,5,10,13,1,1,-1,-1,-2,-3,0,0,1.5000000000000002,2.27
15/02/2025,Crystal Palace,Everton,1,2,A,17,11,6,6,9,12,0,1,-1,6,0,-3,-1,0,2.7300000000000004,2.5500000000000003
16/02/2025,Liverpool,Wolves,2,1,H,10,16,3,4,15,13,2,2,1,-6,-1,2,0,1,1.4100000000000001,1.96
16/02/2025,Tottenham,Man United,1,0,H,22,16,7,6,13,9,1,2,1,6,1,4,-1,1,3.25,2.7
19/02/2025,Aston Villa,Liverpool,2,2,D,9,17,4,3,8,6,1,0,0,-8,1,2,1,0,1.75,1.62
21/02/2025,Leicester,Brentford,0,4,A,8,14,3,6,10,10,4,0,-4,-6,-3,0,4,0,1.35,2.6400000000000006
22/02/2025,Everton,Man United,2,2,D,9,9,8,3,12,9,4,1,0,0,5,3,3,0,3.23,1.3800000000000001
22/02/2025,Arsenal,West Ham,0,1,A,20,5,2,2,16,15,1,3,-1,15,0,1,-2,0,1.34,0.89
22/02/2025,Bournemouth,Wolves,0,1,A,8,13,3,5,17,9,3,3,-1,-5,-2,8,0,0,1.35,2.24
22/02/2025,Fulham,Crystal Palace,0,2,A,10,10,0,5,10,7,1,3,-2,0,-5,3,-2,0,0.3,2.15
22/02/2025,Ipswich,Tottenham,1,4,A,17,10,5,6,15,14,2,1,-3,7,-1,1,1,0,2.36,2.5200000000000005
22/02/2025,Southampton,Brighton,0,4,A,6,18,1,12,11,12,2,0,-4,-12,-11,-1,2,0,0.55,4.98
22/02/2025,Aston Villa,Chelsea,2,1,H,12,15,6,7,15,16,1,3,1,-3,-1,-1,-2,1,2.5800000000000005,3.04
23/02/2025,Newcastle,Nott'm Forest,4,3,H,13,17,5,5,11,13,1,4,1,-4,0,-2,-3,1,2.24,2.36
23/02/2025,Man City,Liverpool,0,2,A,16,8,5,4,3,10,0,0,-2,8,1,-7,0,0,2.33,1.7200000000000002
25/02/2025,Brighton,Bournemouth,2,1,H,11,19,4,5,12,14,2,1,1,-8,-1,-2,1,1,1.81,2.42
25/02/2025,Crystal Palace,Aston Villa,4,1,H,19,6,6,2,19,10,3,1,3,13,4,9,2,1,2.7900000000000005,0.92
25/02/2025,Wolves,Fulham,1,2,A,18,11,5,5,8,15,1,3,-1,7,0,-7,-2,0,2.39,2.18
25/02/2025,Chelsea,Southampton,4,0,H,19,7,10,2,6,9,1,2,4,12,8,-3,-1,1,4.27,0.9500000000000001
26/02/2025,Brentford,Everton,1,1,D,12,14,3,4,3,6,2,1,0,-2,-1,-3,1,0,1.4700000000000002,1.9000000000000001
26/02/2025,Man United,Ipswich,3,2,H,10,12,6,3,9,16,4,4,1,-2,3,-7,0,1,2.5200000000000005,1.4700000000000002
26/02/2025,Nott'm Forest,Arsenal,0,0,D,6,13,2,1,10,17,1,1,0,-7,1,-7,0,0,0.92,0.76
26/02/2025,Tottenham,Man City,0,1,A,11,12,6,5,12,15,3,0,-1,-1,1,-3,3,0,2.5500000000000003,2.21
26/02/2025,Liverpool,Newcastle,2,0,H,12,3,3,0,12,11,0,1,2,9,3,1,-1,1,1.4700000000000002,0.09
27/02/2025,West Ham,Leicester,2,0,H,8,10,2,2,12,6,0,0,2,-2,0,6,0,1,0.98,1.04
08/03/2025,Nott'm Forest,Man City,1,0,H,9,14,4,3,9,7,3,2,1,-5,1,2,1,1,1.75,1.5300000000000002
08/03/2025,Brighton,Fulham,2,1,H,9,6,4,1,6,12,0,2,1,3,3,-6,-2,1,1.75,0.55
08/03/2025,Crystal Palace,Ipswich,1,0,H,19,15,4,8,8,7,4,3,1,4,-4,1,1,1,2.05,3.41
08/03/2025,Liverpool,Southampton,3,1,H,28,6,7,4,10,9,2,1,2,22,3,1,1,1,3.43,1.6600000000000001
08/03/2025,Brentford,Aston Villa,0,1,A,13,12,3,4,10,5,2,2,-1,1,-1,5,0,0,1.5000000000000002,1.84
08/03/2025,Wolves,Everton,1,1,D,11,12,3,4,11,16,2,2,0,-1,-1,-5,0,0,1.4400000000000002,1.84
09/03/2025,Chelsea,Leicester,1,0,H,20,3,7,3,12,13,1,0,1,17,4,-1,1,1,3.1900000000000004,1.2000000000000002
09/03/2025,Tottenham,Bournemouth,2,2,D,12,17,4,8,15,16,3,3,0,-5,-4,-1,0,0,1.84,3.47
09/03/2025,Man United,Arsenal,1,1,D,10,17,6,6,8,11,0,1,0,-7,0,-3,-1,0,2.5200000000000005,2.7300000000000004
10/03/2025,West Ham,Newcastle,0,1,A,9,9,2,3,7,15,0,1,-1,0,-1,-8,-1,0,1.01,1.3800000000000001
15/03/2025,Everton,West Ham,1,1,D,13,10,5,5,12,8,1,2,0,3,0,4,-1,0,2.24,2.15
15/03/2025,Ipswich,Nott'm Forest,2,4,A,11,11,4,6,4,13,1,1,-2,0,-2,-9,0,0,1.81,2.5500000000000003
15/03/2025,Man City,Brighton,2,2,D,11,15,3,3,10,10,2,5,0,-4,0,0,-3,0,1.4400000000000002,1.56
15/03/2025,Southampton,Wolves,1,2,A,10,5,3,3,12,13,0,0,-1,5,0,-1,0,0,1.4100000000000001,1.2600000000000002
15/03/2025,Bournemouth,Brentford,1,2,A,17,10,5,4,13,7,3,0,-1,7,1,6,3,0,2.36,1.78
16/03/2025,Arsenal,Chelsea,1,0,H,12,8,4,2,10,13,3,3,1,4,2,-3,0,1,1.84,0.98
16/03/2025,Fulham,Tottenham,2,0,H,13,12,4,4,13,10,0,0,2,1,0,3,0,1,1.87,1.84
16/03/2025,Leicester,Man United,0,3,A,11,18,3,5,6,6,2,0,-3,-7,-2,0,2,0,1.4400000000000002,2.39
01/04/2025,Arsenal,Fulham,2,1,H,17,9,4,3,2,10,1,2,1,8,1,-8,-1,1,1.9900000000000002,1.3800000000000001
01/04/2025,Wolves,West Ham,1,0,H,9,10,2,1,16,12,4,2,1,-1,1,4,2,1,1.01,0.67
01/04/2025,Nott'm Forest,Man United,1,0,H,8,23,2,6,5,12,1,3,1,-15,-4,-7,-2,1,0.98,2.91
02/04/2025,Bournemouth,Ipswich,1,2,A,24,10,7,2,14,15,1,2,-1,14,5,-1,-1,0,3.3100000000000005,1.04
02/04/2025,Brighton,Aston Villa,0,3,A,11,8,4,5,16,11,1,3,-3,3,-1,5,-2,0,1.81,2.09
02/04/2025,Man City,Leicester,2,0,H,18,2,5,0,11,8,1,4,2,16,5,3,-3,1,2.39,0.06
02/04/2025,Newcastle,Brentford,2,1,H,21,12,4,3,12,12,1,1,1,9,1,0,0,1,2.1100000000000003,1.4700000000000002
02/04/2025,Southampton,Crystal Palace,1,1,D,8,9,2,3,14,9,2,1,0,-1,-1,5,1,0,0.98,1.3800000000000001
02/04/2025,Liverpool,Everton,1,0,H,17,5,3,0,7,11,2,2,1,12,3,-4,0,1,1.62,0.15
03/04/2025,Chelsea,Tottenham,1,0,H,11,8,5,2,7,16,5,5,1,3,3,-9,0,1,2.18,0.98
05/04/2025,Everton,Arsenal,1,1,D,5,14,2,5,17,13,3,1,0,-9,-3,4,2,0,0.89,2.27
05/04/2025,Crystal Palace,Brighton,2,1,H,8,11,3,5,12,13,0,1,1,-3,-2,-1,-1,1,1.35,2.18
05/04/2025,Ipswich,Wolves,1,2,A,6,22,2,7,12,16,2,2,-1,-16,-5,-4,0,0,0.92,3.25
05/04/2025,West Ham,Bournemouth,2,2,D,9,11,3,4,13,13,2,2,0,-2,-1,0,0,0,1.3800000000000001,1.81
05/04/2025,Aston Villa,Nott'm Forest,2,1,H,17,19,8,3,7,15,2,2,1,-2,5,-8,0,1,3.47,1.6800000000000002
06/04/2025,Brentford,Chelsea,0,0,D,9,21,2,5,12,12,1,3,0,-12,-3,0,-2,0,1.01,2.48
06/04/2025,Fulham,Liverpool,3,2,H,12,14,6,6,10,9,3,0,1,-2,0,1,3,1,2.5800000000000005,2.6400000000000006
06/04/2025,Tottenham,Southampton,3,1,H,13,12,8,4,16,20,1,1,2,1,4,-4,0,1,3.35,1.84
06/04/2025,Man United,Man City,0,0,D,13,9,2,5,13,9,3,2,0,4,-3,4,1,0,1.13,2.12
07/04/2025,Leicester,Newcastle,0,3,A,7,16,2,5,8,9,2,0,-3,-9,-3,-1,2,0,0.9500000000000001,2.33
12/04/2025,Man City,Crystal Palace,5,2,H,21,8,9,3,10,16,2,3,3,13,6,-6,-1,1,3.96,1.35
12/04/2025,Brighton,Leicester,2,2,D,21,15,7,6,9,11,2,5,0,6,1,-2,-3,0,3.22,2.6700000000000004
12/04/2025,Nott'm Forest,Everton,0,1,A,10,13,5,5,9,13,0,3,-1,-3,0,-4,-3,0,2.15,2.24
12/04/2025,Southampton,Aston Villa,0,3,A,7,25,2,10,11,4,3,1,-3,-18,-8,7,2,0,0.9500000000000001,4.45
12/04/2025,Arsenal,Brentford,1,1,D,14,3,3,2,7,9,1,3,0,11,1,-2,-2,0,1.5300000000000002,0.8300000000000001
13/04/2025,Chelsea,Ipswich,2,2,D,34,13,9,4,11,7,2,2,0,21,5,4,0,0,4.35,1.87
13/04/2025,Liverpool,West Ham,2,1,H,15,11,6,4,15,8,0,2,1,4,2,7,-2,1,2.6700000000000004,1.81
13/04/2025,Wolves,Tottenham,4,2,H,13,11,5,4,12,15,1,2,2,2,1,-3,-1,1,2.24,1.81
13/04/2025,Newcastle,Man United,4,1,H,13,9,6,5,7,9,0,2,3,4,1,-2,-2,1,2.6100000000000003,2.12
14/04/2025,Bournemouth,Fulham,1,0,H,12,12,3,7,11,10,3,2,1,0,-4,1,1,1,1.4700000000000002,2.95
16/04/2025,Newcastle,Crystal Palace,5,0,H,14,11,7,4,9,15,2,3,5,3,3,-6,-1,1,3.0100000000000002,1.81
19/04/2025,Brentford,Brighton,4,2,H,16,12,8,3,7,11,3,3,2,4,5,-4,0,1,3.4400000000000004,1.4700000000000002
19/04/2025,Crystal Palace,Bournemouth,0,0,D,5,15,0,4,13,10,3,4,0,-10,-4,3,-1,0,0.15,1.9300000000000002
19/04/2025,Everton,Man City,0,2,A,8,12,3,7,7,6,4,0,-2,-4,-4,1,4,0,1.35,2.95
19/04/2025,West Ham,Southampton,1,1,D,12,15,4,4,14,13,2,1,0,-3,0,1,1,0,1.84,1.9300000000000002
19/04/2025,Aston Villa,Newcastle,4,1,H,23,10,9,3,9,12,1,3,3,13,6,-3,-2,1,4.0200000000000005,1.4100000000000001
20/04/2025,Fulham,Chelsea,1,2,A,6,13,1,8,13,9,1,3,-1,-7,-7,4,-2,0,0.55,3.35
20/04/2025,Ipswich,Arsenal,0,4,A,4,24,0,7,10,7,0,0,-4,-20,-7,3,0,0,0.12,3.3100000000000005
20/04/2025,Man United,Wolves,0,1,A,12,4,2,2,11,18,2,3,-1,8,0,-7,-1,0,1.1,0.8600000000000001
20/04/2025,Leicester,Liverpool,0,1,A,5,28,0,10,11,7,1,2,-1,-23,-10,4,-1,0,0.15,4.54
21/04/2025,Tottenham,Nott'm Forest,1,2,A,22,4,6,3,11,12,1,4,-1,18,3,-1,-3,0,2.8800000000000003,1.2300000000000002
22/04/2025,Man City,Aston Villa,2,1,H,14,7,6,3,9,10,3,3,1,7,3,-1,0,1,2.6400000000000006,1.3200000000000003
23/04/2025,Arsenal,Crystal Palace,2,2,D,12,15,6,4,4,6,1,1,0,-3,2,-2,0,0,2.5800000000000005,1.9300000000000002
26/04/2025,Chelsea,Everton,1,0,H,10,6,7,3,11,11,0,0,1,4,4,0,0,1,2.89,1.2900000000000003
26/04/2025,Brighton,West Ham,3,2,H,16,12,9,4,7,9,1,1,1,4,5,-2,0,1,3.81,1.84
26/04/2025,Newcastle,Ipswich,3,0,H,25,4,5,0,9,9,1,2,3,21,5,0,-1,1,2.6,0.12
26/04/2025,Southampton,Fulham,1,2,A,7,26,3,5,10,12,1,1,-1,-19,-2,-2,0,0,1.3200000000000003,2.63
26/04/2025,Wolves,Leicester,3,0,H,20,8,6,2,7,17,1,4,3,12,4,-10,-3,1,2.8200000000000003,0.98
27/04/2025,Bournemouth,Man United,1,1,D,8,25,1,6,11,12,4,2,0,-17,-5,-1,2,0,0.61,2.97
27/04/2025,Liverpool,Tottenham,5,1,H,25,8,8,3,16,9,2,1,4,17,5,7,1,1,3.71,1.35
01/05/2025,Nott'm Forest,Brentford,0,2,A,14,11,5,3,10,12,3,5,-2,3,2,-2,-2,0,2.27,1.4400000000000002
02/05/2025,Man City,Wolves,1,0,H,9,6,2,1,7,11,0,0,1,3,1,-4,0,1,1.01,0.55
03/05/2025,Aston Villa,Fulham,1,0,H,10,11,3,3,6,17,0,5,1,-1,0,-11,-5,1,1.4100000000000001,1.4400000000000002
03/05/2025,Everton,Ipswich,2,2,D,8,12,3,5,12,15,4,4,0,-4,-2,-3,0,0,1.35,2.21
03/05/2025,Leicester,Southampton,2,0,H,14,8,4,2,12,13,1,3,2,6,2,-1,-2,1,1.9000000000000001,0.98
03/05/2025,Arsenal,Bournemouth,1,2,A,13,9,4,2,7,16,0,2,-1,4,2,-9,-2,0,1.87,1.01
04/05/2025,Brentford,Man United,4,3,H,12,14,6,5,8,10,0,2,1,-2,1,-2,-2,1,2.5800000000000005,2.27
04/05/2025,Brighton,Newcastle,1,1,D,5,13,2,5,15,10,2,1,0,-8,-3,5,1,0,0.89,2.24
04/05/2025,West Ham,Tottenham,1,1,D,11,7,2,2,18,15,2,2,0,4,0,3,0,0,1.07,0.9500000000000001
04/05/2025,Chelsea,Liverpool,3,1,H,17,11,7,2,10,11,2,2,2,6,5,-1,0,1,3.1,1.07
05/05/2025,Crystal Palace,Nott'm Forest,1,1,D,20,12,3,4,9,15,3,8,0,8,-1,-6,-5,0,1.7100000000000002,1.84
10/05/2025,Fulham,Everton,1,3,A,18,11,6,7,15,9,1,0,-2,7,-1,6,1,0,2.7600000000000002,2.9200000000000004
10/05/2025,Ipswich,Brentford,0,1,A,11,15,4,5,6,12,2,4,-1,-4,-1,-6,-2,0,1.81,2.3
10/05/2025,Southampton,Man City,0,0,D,2,26,0,5,9,8,2,0,0,-24,-5,1,2,0,0.06,2.63
10/05/2025,Wolves,Brighton,0,2,A,10,7,3,2,8,12,1,1,-2,3,1,-4,0,0,1.4100000000000001,0.9500000000000001
10/05/2025,Bournemouth,Aston Villa,0,1,A,10,6,4,3,19,12,4,3,-1,4,1,7,1,0,1.78,1.2900000000000003
11/05/2025,Newcastle,Chelsea,2,0,H,15,10,6,3,9,13,4,2,2,5,3,-4,2,1,2.6700000000000004,1.4100000000000001
11/05/2025,Man United,West Ham,0,2,A,20,9,5,4,3,13,0,1,-2,11,1,-10,-1,0,2.45,1.75
11/05/2025,Nott'm Forest,Leicester,2,2,D,15,10,4,6,11,11,3,3,0,5,-2,0,0,0,1.9300000000000002,2.5200000000000005
11/05/2025,Tottenham,Crystal Palace,0,2,A,8,23,1,10,12,10,1,1,-2,-15,-9,2,0,0,0.61,4.39
11/05/2025,Liverpool,Arsenal,2,2,D,14,15,5,7,13,10,1,1,0,-1,-2,3,0,0,2.27,3.04
16/05/2025,Aston Villa,Tottenham,2,0,H,18,3,7,1,5,12,1,2,2,15,6,-7,-1,1,3.1300000000000003,0.46
16/05/2025,Chelsea,Man United,1,0,H,11,4,3,1,10,14,1,6,1,7,2,-4,-5,1,1.4400000000000002,0.49
18/05/2025,Everton,Southampton,2,0,H,13,6,5,2,6,10,1,1,2,7,3,-4,0,1,2.24,0.92
18/05/2025,West Ham,Nott'm Forest,1,2,A,16,10,5,5,14,7,6,3,-1,6,0,7,3,0,2.33,2.15
18/05/2025,Brentford,Fulham,2,3,A,11,16,6,7,12,8,4,4,-1,-5,-1,4,0,0,2.5500000000000003,3.0700000000000003
18/05/2025,Leicester,Ipswich,2,0,H,9,20,3,2,15,12,1,0,2,-11,1,3,1,1,1.3800000000000001,1.34
18/05/2025,Arsenal,Newcastle,1,0,H,12,14,4,5,9,9,3,3,1,-2,-1,0,0,1,1.84,2.27
19/05/2025,Brighton,Liverpool,3,2,H,25,18,12,5,9,8,1,0,1,7,7,1,1,1,5.19,2.39
20/05/2025,Crystal Palace,Wolves,4,2,H,14,12,10,3,14,8,1,2,2,2,7,6,-1,1,4.12,1.4700000000000002
20/05/2025,Man City,Bournemouth,3,1,H,12,8,5,2,7,13,1,3,2,4,3,-6,-2,1,2.21,0.98
25/05/2025,Bournemouth,Leicester,2,0,H,20,3,7,0,19,16,0,2,2,17,7,3,-2,1,3.1900000000000004,0.09
25/05/2025,Fulham,Man City,0,2,A,13,20,3,5,11,5,0,0,-2,-7,-2,6,0,0,1.5000000000000002,2.45
25/05/2025,Ipswich,West Ham,1,3,A,14,10,4,6,10,9,1,1,-2,4,-2,1,0,0,1.9000000000000001,2.5200000000000005
25/05/2025,Liverpool,Crystal Palace,1,1,D,14,8,3,5,7,10,1,0,0,6,-2,-3,1,0,1.5300000000000002,2.09
25/05/2025,Man United,Aston Villa,2,0,H,25,6,10,1,10,10,2,2,2,19,9,0,0,1,4.45,0.55
25/05/2025,Newcastle,Everton,0,1,A,17,14,6,6,12,9,1,4,-1,3,0,3,-3,0,2.7300000000000004,2.6400000000000006
25/05/2025,Nott'm Forest,Chelsea,0,1,A,10,6,2,2,10,11,2,2,-1,4,0,-1,0,0,1.04,0.92
25/05/2025,Southampton,Arsenal,1,2,A,7,23,2,8,7,8,0,0,-1,-16,-6,-1,0,0,0.9500000000000001,3.6500000000000004
25/05/2025,Tottenham,Brighton,1,4,A,4,23,2,8,13,8,3,1,-3,-19,-6,5,2,0,0.8600000000000001,3.6500000000000004
25/05/2025,Wolves,Brentford,1,1,D,18,13,6,7,7,9,2,1,0,5,-1,-2,1,0,2.7600000000000002,2.9800000000000004
11/08/2023,Burnley,Man City,0,3,A,6,17,1,8,11,8,0,0,-3,-11,-7,3,0,0,0.55,3.47
12/08/2023,Arsenal,Nott'm Forest,2,1,H,15,6,7,2,12,12,2,2,1,9,5,0,0,1,3.04,0.92
12/08/2023,Bournemouth,West Ham,1,1,D,14,16,5,3,9,14,1,4,0,-2,2,-5,-3,0,2.27,1.5900000000000003
12/08/2023,Brighton,Luton,4,1,H,27,9,12,3,11,12,2,2,3,18,9,-1,0,1,5.250000000000001,1.3800000000000001
12/08/2023,Everton,Fulham,0,1,A,19,9,9,2,12,6,0,2,-1,10,7,6,-2,0,3.9,1.01
12/08/2023,Sheffield United,Crystal Palace,0,1,A,8,24,1,8,18,11,3,0,-1,-16,-7,7,3,0,0.61,3.68
12/08/2023,Newcastle,Aston Villa,5,1,H,17,16,13,6,12,17,4,4,4,1,7,-5,0,1,5.32,2.7
13/08/2023,Brentford,Tottenham,2,2,D,11,18,6,6,12,13,1,4,0,-7,0,-1,-3,0,2.5500000000000003,2.7600000000000002
13/08/2023,Chelsea,Liverpool,1,1,D,10,13,4,1,5,12,3,3,0,-3,3,-7,0,0,1.78,0.76
14/08/2023,Man United,Wolves,1,0,H,15,23,3,6,14,10,2,3,1,-8,-3,4,-1,1,1.56,2.91
18/08/2023,Nott'm Forest,Sheffield United,2,1,H,16,7,4,3,5,9,2,3,1,9,1,-4,-1,1,1.96,1.3200000000000003
19/08/2023,Fulham,Brentford,0,3,A,10,17,2,8,13,12,2,2,-3,-7,-6,1,0,0,1.04,3.47
19/08/2023,Liverpool,Bournemouth,3,1,H,26,13,10,5,11,13,1,3,2,13,5,-2,-2,1,4.48,2.24
19/08/2023,Wolves,Brighton,1,4,A,16,16,5,8,14,11,3,6,-3,0,-3,3,-3,0,2.33,3.4400000000000004
19/08/2023,Tottenham,Man United,2,0,H,17,22,6,6,9,8,1,3,2,-5,0,1,-2,1,2.7300000000000004,2.8800000000000003
19/08/2023,Man City,Newcastle,1,0,H,14,7,4,1,12,11,1,5,1,7,3,1,-4,1,1.9000000000000001,0.5800000000000001
20/08/2023,Aston Villa,Everton,4,0,H,13,9,7,2,8,12,3,4,4,4,5,-4,-1,1,2.9800000000000004,1.01
20/08/2023,West Ham,Chelsea,3,1,H,12,17,6,4,12,9,2,3,2,-5,2,3,-1,1,2.5800000000000005,1.9900000000000002
21/08/2023,Crystal Palace,Arsenal,0,1,A,14,14,2,3,14,10,2,1,-1,0,-1,4,1,0,1.1600000000000001,1.5300000000000002
25/08/2023,Chelsea,Luton,3,0,H,19,11,8,1,15,12,2,3,3,8,7,3,-1,1,3.5300000000000002,0.7
26/08/2023,Bournemouth,Tottenham,0,2,A,11,17,3,6,18,11,1,3,-2,-6,-3,7,-2,0,1.4400000000000002,2.7300000000000004
26/08/2023,Arsenal,Fulham,2,2,D,19,8,11,3,6,5,0,3,0,11,8,1,-3,0,4.640000000000001,1.35
26/08/2023,Brentford,Crystal Palace,1,1,D,12,15,1,5,9,15,0,0,0,-3,-4,-6,0,0,0.73,2.3
26/08/2023,Everton,Wolves,0,1,A,15,11,7,2,10,14,3,4,-1,4,5,-4,-1,0,3.04,1.07
26/08/2023,Man United,Nott'm Forest,3,2,H,18,9,9,4,13,11,4,4,1,9,5,2,0,1,3.87,1.75
26/08/2023,Brighton,West Ham,1,3,A,25,12,10,3,10,9,1,3,-2,13,7,1,-2,0,4.45,1.4700000000000002
27/08/2023,Burnley,Aston Villa,1,3,A,9,16,2,6,12,11,2,0,-2,-7,-4,1,2,0,1.01,2.7
27/08/2023,Sheffield United,Man City,1,2,A,6,30,2,9,11,2,3,0,-1,-24,-7,9,3,0,0.92,4.23
27/08/2023,Newcastle,Liverpool,1,2,A,23,9,8,4,16,10,1,2,-1,14,4,6,-1,0,3.6500000000000004,1.75
01/09/2023,Luton,West Ham,1,2,A,16,9,1,3,8,13,1,1,-1,7,-2,-5,0,0,0.85,1.3800000000000001
02/09/2023,Sheffield United,Everton,2,2,D,13,16,8,6,11,13,1,2,0,-3,2,-2,-1,0,3.35,2.7
02/09/2023,Brentford,Bournemouth,2,2,D,21,12,7,5,6,13,1,2,0,9,2,-7,-1,0,3.22,2.21
02/09/2023,Burnley,Tottenham,2,5,A,16,20,4,10,15,9,4,3,-3,-4,-6,6,1,0,1.96,4.3
02/09/2023,Chelsea,Nott'm Forest,0,1,A,21,7,2,3,10,9,3,4,-1,14,-1,1,-1,0,1.37,1.3200000000000003
02/09/2023,Man City,Fulham,5,1,H,7,6,5,4,12,12,2,4,4,1,1,0,-2,1,2.06,1.6600000000000001
02/09/2023,Brighton,Newcastle,3,1,H,15,9,6,2,14,17,4,4,2,6,4,-3,0,1,2.6700000000000004,1.01
03/09/2023,Crystal Palace,Wolves,3,2,H,16,12,11,4,12,12,1,3,1,4,7,0,-2,1,4.550000000000001,1.84
03/09/2023,Liverpool,Aston Villa,3,0,H,17,9,4,3,12,7,0,1,3,8,1,5,-1,1,1.9900000000000002,1.3800000000000001
03/09/2023,Arsenal,Man United,3,1,H,17,10,5,2,8,7,2,3,2,7,3,1,-1,1,2.36,1.04
16/09/2023,Wolves,Liverpool,1,3,A,11,16,2,6,10,4,1,3,-2,-5,-4,6,-2,0,1.07,2.7
16/09/2023,Aston Villa,Crystal Palace,3,1,H,16,6,5,3,13,9,5,3,2,10,2,4,2,1,2.33,1.2900000000000003
16/09/2023,Fulham,Luton,1,0,H,13,7,2,2,6,14,2,2,1,6,0,-8,0,1,1.13,0.9500000000000001
16/09/2023,Man United,Brighton,1,3,A,14,10,4,8,8,9,2,2,-2,4,-4,-1,0,0,1.9000000000000001,3.2600000000000002
16/09/2023,Tottenham,Sheffield United,2,1,H,28,7,10,5,13,14,6,5,1,21,5,-1,1,1,4.54,2.06
16/09/2023,West Ham,Man City,1,3,A,6,29,3,15,7,11,3,2,-2,-23,-12,-4,1,0,1.2900000000000003,6.42
16/09/2023,Newcastle,Brentford,1,0,H,9,11,2,2,8,12,3,5,1,-2,0,-4,-2,1,1.01,1.07
17/09/2023,Bournemouth,Chelsea,0,0,D,13,14,4,6,15,20,1,5,0,-1,-2,-5,-4,0,1.87,2.6400000000000006
17/09/2023,Everton,Arsenal,0,1,A,8,13,1,4,12,10,1,1,-1,-5,-3,2,0,0,0.61,1.87
18/09/2023,Nott'm Forest,Burnley,1,1,D,14,10,4,3,16,10,2,3,0,4,1,6,-1,0,1.9000000000000001,1.4100000000000001
23/09/2023,Crystal Palace,Fulham,0,0,D,7,10,3,5,10,15,3,2,0,-3,-2,-5,1,0,1.3200000000000003,2.15
23/09/2023,Luton,Wolves,1,1,D,20,3,4,3,12,17,0,2,0,17,1,-5,-2,0,2.08,1.2000000000000002
23/09/2023,Man City,Nott'm Forest,2,0,H,7,10,4,3,5,17,3,7,2,-3,1,-12,-4,1,1.6900000000000002,1.4100000000000001
23/09/2023,Brentford,Everton,1,3,A,12,18,2,6,9,12,2,2,-2,-6,-4,-3,0,0,1.1,2.7600000000000002
23/09/2023,Burnley,Man United,0,1,A,12,11,4,4,6,12,1,2,-1,1,0,-6,-1,0,1.84,1.81
24/09/2023,Arsenal,Tottenham,2,2,D,13,13,6,5,12,19,3,4,0,0,1,-7,-1,0,2.6100000000000003,2.24
24/09/2023,Brighton,Bournemouth,3,1,H,13,12,4,4,12,17,3,3,2,1,0,-5,0,1,1.87,1.84
24/09/2023,Chelsea,Aston Villa,0,1,A,10,15,4,7,9,11,2,3,-1,-5,-3,-2,-1,0,1.78,3.04
24/09/2023,Liverpool,West Ham,3,1,H,22,11,7,4,12,13,0,2,2,11,3,-1,-2,1,3.25,1.81
24/09/2023,Sheffield United,Newcastle,0,8,A,9,22,1,15,12,8,3,0,-8,-13,-14,4,3,0,0.64,6.21
30/09/2023,Aston Villa,Brighton,6,1,H,19,11,9,3,19,21,4,4,5,8,6,-2,0,1,3.9,1.4400000000000002
30/09/2023,Bournemouth,Arsenal,0,4,A,8,15,1,8,11,10,0,1,-4,-7,-7,1,-1,0,0.61,3.41
30/09/2023,Everton,Luton,1,2,A,23,9,5,2,8,10,0,1,-1,14,3,-2,-1,0,2.54,1.01
30/09/2023,Man United,Crystal Palace,0,1,A,19,8,4,2,10,8,3,2,-1,11,2,2,1,0,2.05,0.98
30/09/2023,Newcastle,Burnley,2,0,H,20,8,8,2,7,15,1,3,2,12,6,-8,-2,1,3.56,0.98
30/09/2023,West Ham,Sheffield United,2,0,H,20,16,9,2,6,9,1,1,2,4,7,-3,0,1,3.93,1.22
30/09/2023,Wolves,Man City,2,1,H,3,23,1,8,18,12,5,4,1,-20,-7,6,1,1,0.46,3.6500000000000004
30/09/2023,Tottenham,Liverpool,2,1,H,24,12,8,4,11,17,5,4,1,12,4,-6,1,1,3.68,1.84
01/10/2023,Nott'm Forest,Brentford,1,1,D,6,18,1,5,6,10,1,2,0,-12,-4,-4,-1,0,0.55,2.39
02/10/2023,Fulham,Chelsea,0,2,A,10,11,3,4,15,12,1,4,-2,-1,-1,3,-3,0,1.4100000000000001,1.81
03/10/2023,Luton,Burnley,1,2,A,18,14,3,4,14,6,4,2,-1,4,-1,8,2,0,1.6500000000000001,1.9000000000000001
07/10/2023,Luton,Tottenham,0,1,A,12,15,2,4,16,7,2,1,-1,-3,-2,9,1,0,1.1,1.9300000000000002
07/10/2023,Burnley,Chelsea,1,4,A,10,9,3,5,11,8,2,4,-3,1,-2,3,-2,0,1.4100000000000001,2.12
07/10/2023,Everton,Bournemouth,3,0,H,25,11,8,4,14,15,1,2,3,14,4,-1,-1,1,3.71,1.81
07/10/2023,Fulham,Sheffield United,3,1,H,20,5,6,2,8,10,1,2,2,15,4,-2,-1,1,2.8200000000000003,0.89
07/10/2023,Man United,Brentford,2,1,H,21,11,8,3,10,17,0,5,1,10,5,-7,-5,1,3.5900000000000003,1.4400000000000002
07/10/2023,Crystal Palace,Nott'm Forest,0,0,D,8,16,2,5,7,12,0,1,0,-8,-3,-5,-1,0,0.98,2.33
08/10/2023,Brighton,Liverpool,2,2,D,14,14,3,4,12,20,1,2,0,0,-1,-8,-1,0,1.5300000000000002,1.9000000000000001
08/10/2023,West Ham,Newcastle,2,2,D,5,10,3,3,11,18,3,3,0,-5,0,-7,0,0,1.2600000000000002,1.4100000000000001
08/10/2023,Wolves,Aston Villa,1,1,D,8,18,3,4,19,9,2,2,0,-10,-1,10,0,0,1.35,2.02
08/10/2023,Arsenal,Man City,1,0,H,12,4,2,1,8,7,2,3,1,8,1,1,-1,1,1.1,0.49
21/10/2023,Liverpool,Everton,2,0,H,26,6,6,1,9,9,1,1,2,20,5,0,0,1,3.0000000000000004,0.55
21/10/2023,Bournemouth,Wolves,1,2,A,7,20,4,7,15,10,2,6,-1,-13,-3,5,-4,0,1.6900000000000002,3.1900000000000004
21/10/2023,Brentford,Burnley,3,0,H,23,6,10,1,14,12,5,2,3,17,9,2,3,1,4.39,0.55
21/10/2023,Man City,Brighton,2,1,H,10,5,6,3,9,11,2,2,1,5,3,-2,0,1,2.5200000000000005,1.2600000000000002
21/10/2023,Newcastle,Crystal Palace,4,0,H,10,17,7,3,7,12,2,3,4,-7,4,-5,-1,1,2.89,1.62
21/10/2023,Nott'm Forest,Luton,2,2,D,19,13,8,4,12,11,3,0,0,6,4,1,3,0,3.5300000000000002,1.87
21/10/2023,Chelsea,Arsenal,2,2,D,11,13,5,3,7,14,3,3,0,-2,2,-7,0,0,2.18,1.5000000000000002
21/10/2023,Sheffield United,Man United,1,2,A,12,14,6,5,12,10,3,1,-1,-2,1,2,2,0,2.5800000000000005,2.27
22/10/2023,Aston Villa,West Ham,4,1,H,15,14,7,4,9,15,0,1,3,1,3,-6,-1,1,3.04,1.9000000000000001
23/10/2023,Tottenham,Fulham,2,0,H,15,10,5,3,10,14,2,0,2,5,2,-4,2,1,2.3,1.4100000000000001
27/10/2023,Crystal Palace,Tottenham,1,2,A,13,10,3,1,19,11,2,1,-1,3,2,8,1,0,1.5000000000000002,0.67
28/10/2023,Chelsea,Brentford,0,2,A,17,7,2,5,12,7,1,4,-2,10,-3,5,-3,0,1.25,2.06
28/10/2023,Arsenal,Sheffield United,5,0,H,13,2,8,0,9,13,0,3,5,11,8,-4,-3,1,3.35,0.06
28/10/2023,Bournemouth,Burnley,2,1,H,13,6,6,3,9,12,2,3,1,7,3,-3,-1,1,2.6100000000000003,1.2900000000000003
28/10/2023,Wolves,Newcastle,2,2,D,11,13,6,5,13,15,1,4,0,-2,1,-2,-3,0,2.5500000000000003,2.24
29/10/2023,West Ham,Everton,0,1,A,12,10,2,4,7,11,4,1,-1,2,-2,-4,3,0,1.1,1.78
29/10/2023,Aston Villa,Luton,3,1,H,17,7,6,1,11,10,3,2,2,10,5,1,1,1,2.7300000000000004,0.5800000000000001
29/10/2023,Brighton,Fulham,1,1,D,18,10,7,5,12,8,0,3,0,8,2,4,-3,0,3.1300000000000003,2.15
29/10/2023,Liverpool,Nott'm Forest,3,0,H,21,9,8,1,9,13,2,3,3,12,7,-4,-1,1,3.5900000000000003,0.64
29/10/2023,Man United,Man City,0,3,A,7,21,3,10,9,4,4,1,-3,-14,-7,5,3,0,1.3200000000000003,4.33
04/11/2023,Fulham,Man United,0,1,A,18,12,3,5,9,15,5,2,-1,6,-2,-6,3,0,1.6500000000000001,2.21
04/11/2023,Brentford,West Ham,3,2,H,16,12,4,2,12,14,1,4,1,4,2,-2,-3,1,1.96,1.1
04/11/2023,Burnley,Crystal Palace,0,2,A,17,4,5,3,9,12,0,5,-2,13,2,-3,-5,0,2.36,1.2300000000000002
04/11/2023,Everton,Brighton,1,1,D,10,7,4,2,15,5,4,2,0,3,2,10,2,0,1.78,0.9500000000000001
04/11/2023,Man City,Bournemouth,6,1,H,21,5,8,1,8,9,0,1,5,16,7,-1,-1,1,3.5900000000000003,0.52
04/11/2023,Sheffield United,Wolves,2,1,H,11,10,2,3,13,10,2,3,1,1,-1,3,-1,1,1.07,1.4100000000000001
04/11/2023,Newcastle,Arsenal,1,0,H,9,14,2,1,14,9,5,1,1,-5,1,5,4,1,1.01,0.79
05/11/2023,Nott'm Forest,Aston Villa,2,0,H,5,13,3,3,6,9,1,1,2,-8,0,-3,0,1,1.2600000000000002,1.5000000000000002
05/11/2023,Luton,Liverpool,1,1,D,8,24,5,6,7,13,1,1,0,-16,-1,-6,0,0,2.09,2.9400000000000004
06/11/2023,Tottenham,Chelsea,1,4,A,8,17,5,8,12,21,1,5,-3,-9,-3,-9,-4,0,2.09,3.47
11/11/2023,Wolves,Tottenham,2,1,H,17,6,4,2,19,15,4,3,1,11,2,4,1,1,1.9900000000000002,0.92
11/11/2023,Arsenal,Burnley,3,1,H,16,8,6,5,8,9,0,1,2,8,1,-1,-1,1,2.7,2.09
11/11/2023,Crystal Palace,Everton,2,3,A,13,8,4,4,9,18,1,4,-1,5,0,-9,-3,0,1.87,1.7200000000000002
11/11/2023,Man United,Luton,1,0,H,15,10,4,4,9,11,0,2,1,5,0,-2,-2,1,1.9300000000000002,1.78
11/11/2023,Bournemouth,Newcastle,2,0,H,19,8,10,5,10,4,2,1,2,11,5,6,1,1,4.27,2.09
12/11/2023,Aston Villa,Fulham,3,1,H,12,9,6,5,4,17,2,5,2,3,1,-13,-3,1,2.5800000000000005,2.12
12/11/2023,Brighton,Sheffield United,1,1,D,11,9,6,1,13,16,3,2,0,2,5,-3,1,0,2.5500000000000003,0.64
12/11/2023,Liverpool,Brentford,3,0,H,17,16,10,3,16,12,1,2,3,1,7,4,-1,1,4.21,1.5900000000000003
12/11/2023,West Ham,Nott'm Forest,3,2,H,16,10,6,5,9,12,2,2,1,6,1,-3,0,1,2.7,2.15
12/11/2023,Chelsea,Man City,4,4,D,17,15,9,10,12,15,5,3,0,2,-1,-3,2,0,3.84,4.15
25/11/2023,Man City,Liverpool,1,1,D,16,8,5,3,9,11,1,3,0,8,2,-2,-2,0,2.33,1.35
25/11/2023,Burnley,West Ham,1,2,A,11,11,5,3,11,7,1,3,-1,0,2,4,-2,0,2.18,1.4400000000000002
25/11/2023,Luton,Crystal Palace,2,1,H,8,16,3,8,15,12,6,1,1,-8,-5,3,5,1,1.35,3.4400000000000004
25/11/2023,Newcastle,Chelsea,4,1,H,14,7,5,4,13,19,4,4,3,7,1,-6,0,1,2.27,1.6900000000000002
25/11/2023,Nott'm Forest,Brighton,2,3,A,18,11,5,5,12,7,2,4,-1,7,0,5,-2,0,2.39,2.18
25/11/2023,Sheffield United,Bournemouth,1,3,A,10,23,2,11,6,8,4,1,-2,-13,-9,-2,3,0,1.04,4.760000000000001
25/11/2023,Brentford,Arsenal,0,1,A,9,15,3,4,9,7,1,1,-1,-6,-1,2,0,0,1.3800000000000001,1.9300000000000002
26/11/2023,Tottenham,Aston Villa,1,2,A,18,15,8,5,11,13,0,4,-1,3,3,-2,-4,0,3.5,2.3
26/11/2023,Everton,Man United,0,3,A,24,9,6,4,10,8,3,0,-3,15,2,2,3,0,2.9400000000000004,1.75
27/11/2023,Fulham,Wolves,3,2,H,12,10,6,6,13,13,2,2,1,2,0,0,0,1,2.5800000000000005,2.5200000000000005
02/12/2023,Arsenal,Wolves,2,1,H,19,6,6,3,10,10,1,2,1,13,3,0,-1,1,2.7900000000000005,1.2900000000000003
02/12/2023,Brentford,Luton,3,1,H,27,7,6,1,10,8,1,2,2,20,5,2,-1,1,3.0300000000000002,0.5800000000000001
02/12/2023,Burnley,Sheffield United,5,0,H,19,6,7,3,9,12,2,5,5,13,4,-3,-3,1,3.16,1.2900000000000003
02/12/2023,Nott'm Forest,Everton,0,1,A,13,12,2,3,15,14,1,0,-1,1,-1,1,1,0,1.13,1.4700000000000002
02/12/2023,Newcastle,Man United,1,0,H,22,8,4,1,6,13,1,2,1,14,3,-7,-1,1,2.14,0.61
03/12/2023,Bournemouth,Aston Villa,2,2,D,15,11,7,3,16,12,5,3,0,4,4,4,2,0,3.04,1.4400000000000002
03/12/2023,Chelsea,Brighton,3,2,H,8,18,5,9,16,12,3,5,1,-10,-4,4,-2,1,2.09,3.87
03/12/2023,Liverpool,Fulham,4,3,H,26,9,12,5,6,7,0,0,1,17,7,-1,0,1,5.220000000000001,2.12
03/12/2023,West Ham,Crystal Palace,1,1,D,9,9,3,2,17,7,2,0,0,0,1,10,2,0,1.3800000000000001,1.01
03/12/2023,Man City,Tottenham,3,3,D,18,8,4,4,14,14,4,4,0,10,0,0,0,0,2.02,1.7200000000000002
05/12/2023,Wolves,Burnley,1,0,H,7,12,4,3,11,15,2,4,1,-5,1,-4,-2,1,1.6900000000000002,1.4700000000000002
05/12/2023,Luton,Arsenal,3,4,A,6,23,4,9,14,7,2,1,-1,-17,-5,7,1,0,1.6600000000000001,4.0200000000000005
06/12/2023,Brighton,Brentford,2,1,H,18,8,7,2,10,8,3,1,1,10,5,2,2,1,3.1300000000000003,0.98
06/12/2023,Crystal Palace,Bournemouth,0,2,A,16,11,3,4,10,17,1,3,-2,5,-1,-7,-2,0,1.5900000000000003,1.81
06/12/2023,Fulham,Nott'm Forest,5,0,H,14,4,6,1,7,10,0,1,5,10,5,-3,-1,1,2.6400000000000006,0.49
06/12/2023,Sheffield United,Liverpool,0,2,A,6,15,1,8,12,8,2,3,-2,-9,-7,4,-1,0,0.55,3.41
06/12/2023,Aston Villa,Man City,1,0,H,22,2,7,2,13,13,2,2,1,20,5,0,0,1,3.25,0.8
06/12/2023,Man United,Chelsea,2,1,H,28,13,9,3,12,12,4,0,1,15,6,0,4,1,4.17,1.5000000000000002
07/12/2023,Everton,Newcastle,3,0,H,21,13,6,3,18,8,3,0,3,8,3,10,3,1,2.8500000000000005,1.5000000000000002
07/12/2023,Tottenham,West Ham,1,2,A,23,11,7,5,11,12,3,3,-1,12,2,-1,0,0,3.2800000000000002,2.18
09/12/2023,Crystal Palace,Liverpool,1,2,A,8,14,4,2,17,17,5,2,-1,-6,2,0,3,0,1.7200000000000002,1.1600000000000001
09/12/2023,Brighton,Burnley,1,1,D,29,6,11,3,5,8,0,4,0,23,8,-3,-4,0,4.94,1.2900000000000003
09/12/2023,Man United,Bournemouth,0,3,A,20,10,3,4,7,10,3,1,-3,10,-1,-3,2,0,1.7100000000000002,1.78
09/12/2023,Sheffield United,Brentford,1,0,H,9,10,4,4,14,13,5,1,1,-1,0,1,4,1,1.75,1.78
09/12/2023,Wolves,Nott'm Forest,1,1,D,10,8,4,2,9,11,0,1,0,2,2,-2,-1,0,1.78,0.98
09/12/2023,Aston Villa,Arsenal,1,0,H,10,12,3,5,16,11,4,2,1,-2,-2,5,2,1,1.4100000000000001,2.21
10/12/2023,Everton,Chelsea,2,0,H,9,16,5,4,12,12,2,2,2,-7,1,0,0,1,2.12,1.96
10/12/2023,Fulham,West Ham,5,0,H,14,9,8,5,5,10,2,1,5,5,3,-5,1,1,3.3800000000000003,2.12
10/12/2023,Luton,Man City,1,2,A,4,18,2,6,16,6,2,1,-1,-14,-4,10,1,0,0.8600000000000001,2.7600000000000002
10/12/2023,Tottenham,Newcastle,4,1,H,23,9,12,3,10,12,1,3,3,14,9,-2,-2,1,5.130000000000001,1.3800000000000001
15/12/2023,Nott'm Forest,Tottenham,0,2,A,15,12,1,6,16,11,2,4,-2,3,-5,5,-2,0,0.8200000000000001,2.5800000000000005
16/12/2023,Chelsea,Sheffield United,2,0,H,15,6,6,1,9,14,1,3,2,9,5,-5,-2,1,2.6700000000000004,0.55
16/12/2023,Man City,Crystal Palace,2,2,D,19,5,9,2,12,9,1,1,0,14,7,3,0,0,3.9,0.89
16/12/2023,Newcastle,Fulham,3,0,H,27,6,10,4,7,12,0,2,3,21,6,-5,-2,1,4.51,1.6600000000000001
16/12/2023,Burnley,Everton,0,2,A,14,9,2,6,9,8,0,1,-2,5,-4,1,-1,0,1.1600000000000001,2.49
17/12/2023,Arsenal,Brighton,2,0,H,26,6,9,1,11,9,1,3,2,20,8,2,-2,1,4.11,0.55
17/12/2023,Brentford,Aston Villa,1,2,A,4,15,3,5,19,6,6,4,-1,-11,-2,13,2,0,1.2300000000000002,2.3
17/12/2023,West Ham,Wolves,3,0,H,13,14,4,3,12,15,3,1,3,-1,1,-3,2,1,1.87,1.5300000000000002
17/12/2023,Liverpool,Man United,0,0,D,34,6,8,1,13,8,2,4,0,28,7,5,-2,0,3.9800000000000004,0.55
21/12/2023,Crystal Palace,Brighton,1,1,D,11,18,3,6,12,11,5,2,0,-7,-3,1,3,0,1.4400000000000002,2.7600000000000002
22/12/2023,Aston Villa,Sheffield United,1,1,D,12,5,4,2,11,16,3,3,0,7,2,-5,0,0,1.84,0.89
23/12/2023,West Ham,Man United,2,0,H,12,11,5,3,13,15,2,3,2,1,2,-2,-1,1,2.21,1.4400000000000002
23/12/2023,Fulham,Burnley,0,2,A,19,7,5,2,5,17,2,1,-2,12,3,-12,1,0,2.42,0.9500000000000001
23/12/2023,Luton,Newcastle,1,0,H,16,15,5,2,11,5,2,1,1,1,3,6,1,1,2.33,1.19
23/12/2023,Nott'm Forest,Bournemouth,2,3,A,11,18,5,7,10,10,0,3,-1,-7,-2,0,-3,0,2.18,3.1300000000000003
23/12/2023,Tottenham,Everton,2,1,H,13,18,6,8,6,18,1,4,1,-5,-2,-12,-3,1,2.6100000000000003,3.5
23/12/2023,Liverpool,Arsenal,1,1,D,13,13,3,2,13,14,2,5,0,0,1,-1,-3,0,1.5000000000000002,1.13
24/12/2023,Wolves,Chelsea,2,1,H,14,16,6,5,11,9,3,5,1,-2,1,2,-2,1,2.6400000000000006,2.33
26/12/2023,Newcastle,Nott'm Forest,1,3,A,19,15,7,6,10,11,3,3,-2,4,1,-1,0,0,3.16,2.6700000000000004
26/12/2023,Bournemouth,Fulham,3,0,H,16,8,4,3,10,10,0,2,3,8,1,0,-2,1,1.96,1.35
26/12/2023,Sheffield United,Luton,2,3,A,21,12,6,4,13,13,5,0,-1,9,2,0,5,0,2.8500000000000005,1.84
26/12/2023,Burnley,Liverpool,0,2,A,9,19,0,10,7,10,2,1,-2,-10,-10,-3,1,0,0.27,4.27
26/12/2023,Man United,Aston Villa,3,2,H,13,10,7,4,10,10,1,3,1,3,3,0,-2,1,2.9800000000000004,1.78
27/12/2023,Brentford,Wolves,1,4,A,14,11,4,5,5,14,1,1,-3,3,-1,-9,0,0,1.9000000000000001,2.18
27/12/2023,Chelsea,Crystal Palace,2,1,H,9,13,4,5,13,16,3,2,1,-4,-1,-3,1,1,1.75,2.24
27/12/2023,Everton,Man City,1,3,A,7,23,2,9,13,5,4,2,-2,-16,-7,8,2,0,0.9500000000000001,4.0200000000000005
28/12/2023,Brighton,Tottenham,4,2,H,15,19,9,3,18,6,3,2,2,-4,6,12,1,1,3.7800000000000002,1.6800000000000002
28/12/2023,Arsenal,West Ham,0,2,A,30,6,8,3,8,8,2,0,-2,24,5,0,2,0,3.8600000000000003,1.2900000000000003
30/12/2023,Luton,Chelsea,2,3,A,15,12,6,8,14,21,2,2,-1,3,-2,-7,0,0,2.6700000000000004,3.3200000000000003
30/12/2023,Aston Villa,Burnley,3,2,H,19,9,7,5,9,14,4,1,1,10,2,-5,3,1,3.16,2.12
30/12/2023,Crystal Palace,Brentford,3,1,H,13,9,6,4,14,10,0,1,2,4,2,4,-1,1,2.6100000000000003,1.75
30/12/2023,Man City,Sheffield United,2,0,H,18,4,4,2,5,6,1,1,2,14,2,-1,0,1,2.02,0.8600000000000001
30/12/2023,Wolves,Everton,3,0,H,12,10,6,0,9,14,2,3,3,2,6,-5,-1,1,2.5800000000000005,0.3
30/12/2023,Nott'm Forest,Man United,2,1,H,8,10,2,5,9,11,2,4,1,-2,-3,-2,-2,1,0.98,2.15
31/12/2023,Fulham,Arsenal,2,1,H,15,13,4,3,11,10,4,1,1,2,1,1,3,1,1.9300000000000002,1.5000000000000002
31/12/2023,Tottenham,Bournemouth,3,1,H,12,24,6,4,9,18,3,3,2,-12,2,-9,0,1,2.5800000000000005,2.2
01/01/2024,Liverpool,Newcastle,4,2,H,34,5,15,3,16,15,3,5,2,29,12,1,-2,1,6.57,1.2600000000000002
02/01/2024,West Ham,Brighton,0,0,D,6,22,2,8,4,6,1,0,0,-16,-6,-2,1,0,0.92,3.62
12/01/2024,Burnley,Luton,1,1,D,13,14,7,5,7,12,1,0,0,-1,2,-5,1,0,2.9800000000000004,2.27
13/01/2024,Chelsea,Fulham,1,0,H,17,14,3,4,13,9,5,1,1,3,-1,4,4,1,1.62,1.9000000000000001
13/01/2024,Newcastle,Man City,2,3,A,12,27,5,11,7,7,1,2,-1,-15,-6,0,-1,0,2.21,4.880000000000001
14/01/2024,Everton,Aston Villa,0,0,D,10,16,2,5,13,14,1,4,0,-6,-3,-1,-3,0,1.04,2.33
14/01/2024,Man United,Tottenham,2,2,D,9,16,2,6,8,5,2,1,0,-7,-4,3,1,0,1.01,2.7
20/01/2024,Arsenal,Crystal Palace,5,0,H,21,12,6,5,8,12,0,0,5,9,1,-4,0,1,2.8500000000000005,2.21
20/01/2024,Brentford,Nott'm Forest,3,2,H,11,12,5,3,10,14,1,3,1,-1,2,-4,-2,1,2.18,1.4700000000000002
21/01/2024,Sheffield United,West Ham,2,2,D,21,16,6,5,11,10,3,1,0,5,1,1,2,0,2.8500000000000005,2.33
21/01/2024,Bournemouth,Liverpool,0,4,A,11,14,1,7,9,12,1,2,-4,-3,-6,-3,-1,0,0.7,3.0100000000000002
22/01/2024,Brighton,Wolves,0,0,D,11,8,4,3,10,13,1,4,0,3,1,-3,-3,0,1.81,1.35
30/01/2024,Nott'm Forest,Arsenal,1,2,A,9,19,3,3,6,7,0,1,-1,-10,0,-1,-1,0,1.3800000000000001,1.6800000000000002
30/01/2024,Fulham,Everton,0,0,D,25,21,6,4,6,13,1,2,0,4,2,-7,-1,0,2.97,2.1100000000000003
30/01/2024,Luton,Brighton,4,0,H,18,9,8,2,13,14,2,2,4,9,6,-1,0,1,3.5,1.01
30/01/2024,Crystal Palace,Sheffield United,3,2,H,12,9,4,5,8,18,1,4,1,3,-1,-10,-3,1,1.84,2.12
30/01/2024,Aston Villa,Newcastle,1,3,A,12,14,6,5,14,12,4,1,-2,-2,1,2,3,0,2.5800000000000005,2.27
31/01/2024,Man City,Burnley,3,1,H,14,8,4,3,3,13,2,2,2,6,1,-10,0,1,1.9000000000000001,1.35
31/01/2024,Tottenham,Brentford,3,2,H,19,9,5,5,13,15,2,3,1,10,0,-2,-1,1,2.42,2.12
31/01/2024,Liverpool,Chelsea,4,1,H,28,4,13,3,15,16,2,4,3,24,10,-1,-2,1,5.65,1.2300000000000002
01/02/2024,West Ham,Bournemouth,1,1,D,9,9,3,4,13,11,1,3,0,0,-1,2,-2,0,1.3800000000000001,1.75
01/02/2024,Wolves,Man United,3,4,A,16,21,7,8,10,10,2,5,-1,-5,-1,0,-3,0,3.0700000000000003,3.5900000000000003
03/02/2024,Everton,Tottenham,2,2,D,14,9,5,6,8,14,3,0,0,5,-1,-6,3,0,2.27,2.49
03/02/2024,Brighton,Crystal Palace,4,1,H,13,7,6,5,8,14,1,3,3,6,1,-6,-2,1,2.6100000000000003,2.06
03/02/2024,Burnley,Fulham,2,2,D,12,15,4,7,11,7,2,2,0,-3,-3,4,0,0,1.84,3.04
03/02/2024,Newcastle,Luton,4,4,D,19,11,6,8,13,16,2,2,0,8,-2,-3,0,0,2.7900000000000005,3.29
03/02/2024,Sheffield United,Aston Villa,0,5,A,10,14,5,10,10,7,1,0,-5,-4,-5,3,1,0,2.15,4.12
04/02/2024,Bournemouth,Nott'm Forest,1,1,D,9,8,2,6,19,12,3,2,0,1,-4,7,1,0,1.01,2.4600000000000004
04/02/2024,Chelsea,Wolves,2,4,A,15,14,6,7,15,11,3,2,-2,1,-1,4,1,0,2.6700000000000004,3.0100000000000002
04/02/2024,Man United,West Ham,3,0,H,12,22,5,3,10,5,0,1,3,-10,2,5,-1,1,2.21,1.77
04/02/2024,Arsenal,Liverpool,3,1,H,15,10,7,1,11,11,6,2,2,5,6,0,4,1,3.04,0.67
05/02/2024,Brentford,Man City,1,3,A,9,25,3,15,2,4,1,0,-2,-16,-12,-2,1,0,1.3800000000000001,6.3
10/02/2024,Man City,Everton,2,0,H,19,5,3,1,6,11,0,2,2,14,2,-5,-2,1,1.6800000000000002,0.52
10/02/2024,Fulham,Bournemouth,3,1,H,7,25,6,4,11,11,1,2,2,-18,2,0,-1,1,2.43,2.23
10/02/2024,Liverpool,Burnley,3,1,H,25,9,10,4,11,13,3,2,2,16,6,-2,1,1,4.45,1.75
10/02/2024,Luton,Sheffield United,1,3,A,20,7,5,3,7,12,1,2,-2,13,2,-5,-1,0,2.45,1.3200000000000003
10/02/2024,Tottenham,Brighton,2,1,H,16,6,6,3,14,13,2,3,1,10,3,1,-1,1,2.7,1.2900000000000003
10/02/2024,Wolves,Brentford,0,2,A,17,9,5,6,11,9,2,3,-2,8,-1,2,-1,0,2.36,2.49
10/02/2024,Nott'm Forest,Newcastle,2,3,A,13,7,3,5,9,6,1,2,-1,6,-2,3,-1,0,1.5000000000000002,2.06
11/02/2024,West Ham,Arsenal,0,6,A,5,25,1,12,17,11,4,0,-6,-20,-11,6,4,0,0.52,5.19
11/02/2024,Aston Villa,Man United,1,2,A,23,17,10,5,9,7,3,2,-1,6,5,2,1,0,4.39,2.36
12/02/2024,Crystal Palace,Chelsea,1,3,A,13,14,4,5,14,7,2,2,-2,-1,-1,7,0,0,1.87,2.27
17/02/2024,Brentford,Liverpool,1,4,A,15,15,6,8,4,18,2,1,-3,0,-2,-14,1,0,2.6700000000000004,3.41
17/02/2024,Burnley,Arsenal,0,5,A,8,16,0,7,11,8,2,1,-5,-8,-7,3,1,0,0.24,3.0700000000000003
17/02/2024,Fulham,Aston Villa,1,2,A,15,12,4,3,11,6,5,2,-1,3,1,5,3,0,1.9300000000000002,1.4700000000000002
17/02/2024,Newcastle,Bournemouth,2,2,D,17,12,5,7,9,22,1,3,0,5,-2,-13,-2,0,2.36,2.95
17/02/2024,Nott'm Forest,West Ham,2,0,H,19,10,8,3,13,15,4,4,2,9,5,-2,0,1,3.5300000000000002,1.4100000000000001
17/02/2024,Tottenham,Wolves,1,2,A,15,12,4,7,8,13,0,1,-1,3,-3,-5,-1,0,1.9300000000000002,2.95
17/02/2024,Man City,Chelsea,1,1,D,31,9,5,6,7,12,1,3,0,22,-1,-5,-2,0,2.7800000000000002,2.49
18/02/2024,Sheffield United,Brighton,0,5,A,6,24,1,10,3,5,1,4,-5,-18,-9,-2,-3,0,0.55,4.42
18/02/2024,Luton,Man United,1,2,A,22,21,4,9,7,21,3,5,-1,1,-5,-14,-2,0,2.14,3.96
19/02/2024,Everton,Crystal Palace,1,1,D,19,10,4,4,8,12,0,2,0,9,0,-4,-2,0,2.05,1.78
20/02/2024,Man City,Brentford,1,0,H,25,6,11,2,12,6,2,4,1,19,9,6,-2,1,4.82,0.92
21/02/2024,Liverpool,Luton,4,1,H,29,12,13,3,15,14,1,4,3,17,10,1,-3,1,5.68,1.4700000000000002
24/02/2024,Aston Villa,Nott'm Forest,4,2,H,16,10,6,3,7,16,1,2,2,6,3,-9,-1,1,2.7,1.4100000000000001
24/02/2024,Brighton,Everton,1,1,D,23,6,7,3,9,14,2,3,0,17,4,-5,-1,0,3.2800000000000002,1.2900000000000003
24/02/2024,Crystal Palace,Burnley,3,0,H,15,2,6,0,8,13,3,1,3,13,6,-5,2,1,2.6700000000000004,0.06
24/02/2024,Man United,Fulham,1,2,A,21,17,9,5,6,11,2,5,-1,4,4,-5,-3,0,3.96,2.36
24/02/2024,Bournemouth,Man City,0,1,A,13,15,4,6,14,6,2,2,-1,-2,-2,8,0,0,1.87,2.6700000000000004
24/02/2024,Arsenal,Newcastle,4,1,H,18,3,8,2,15,6,1,0,3,15,6,9,1,1,3.5,0.8300000000000001
25/02/2024,Wolves,Sheffield United,1,0,H,13,12,2,4,8,4,2,1,1,1,-2,4,1,1,1.13,1.84
26/02/2024,West Ham,Brentford,4,2,H,17,14,6,8,5,9,1,2,2,3,-2,-4,-1,1,2.7300000000000004,3.3800000000000003
02/03/2024,Brentford,Chelsea,2,2,D,14,17,5,6,10,9,3,1,0,-3,-1,1,2,0,2.27,2.7300000000000004
02/03/2024,Everton,West Ham,1,3,A,22,12,11,5,9,6,1,2,-2,10,6,3,-1,0,4.73,2.21
02/03/2024,Fulham,Brighton,3,0,H,12,15,5,5,16,10,1,2,3,-3,0,6,-1,1,2.21,2.3
02/03/2024,Newcastle,Wolves,3,0,H,14,12,7,3,8,11,0,1,3,2,4,-3,-1,1,3.0100000000000002,1.4700000000000002
02/03/2024,Nott'm Forest,Liverpool,0,1,A,8,22,2,2,11,12,2,2,-1,-14,0,-1,0,0,0.98,1.4
02/03/2024,Tottenham,Crystal Palace,3,1,H,14,4,6,1,7,16,1,2,2,10,5,-9,-1,1,2.6400000000000006,0.49
02/03/2024,Luton,Aston Villa,2,3,A,13,12,5,8,8,19,1,4,-1,1,-3,-11,-3,0,2.24,3.3200000000000003
03/03/2024,Burnley,Bournemouth,0,2,A,20,10,6,3,8,13,2,4,-2,10,3,-5,-2,0,2.8200000000000003,1.4100000000000001
03/03/2024,Man City,Man United,3,1,H,27,3,8,1,5,10,0,1,2,24,7,-5,-1,1,3.77,0.46
04/03/2024,Sheffield United,Arsenal,0,6,A,4,22,0,10,11,4,1,0,-6,-18,-10,7,1,0,0.12,4.36
09/03/2024,Man United,Everton,2,0,H,15,23,8,6,13,11,1,2,2,-8,2,2,-1,1,3.41,2.91
09/03/2024,Bournemouth,Sheffield United,2,2,D,32,13,12,9,12,11,3,5,0,19,3,1,-2,0,5.4,3.72
09/03/2024,Crystal Palace,Luton,1,1,D,21,8,4,2,20,11,2,3,0,13,2,9,-1,0,2.1100000000000003,0.98
09/03/2024,Wolves,Fulham,2,1,H,8,23,3,6,7,11,2,2,1,-15,-3,-4,0,1,1.35,2.91
09/03/2024,Arsenal,Brentford,2,1,H,17,9,6,4,9,10,2,4,1,8,2,-1,-2,1,2.7300000000000004,1.75
10/03/2024,Aston Villa,Tottenham,0,4,A,10,9,1,5,11,15,0,2,-4,1,-4,-4,-2,0,0.67,2.12
10/03/2024,Brighton,Nott'm Forest,1,0,H,10,9,3,4,14,14,4,4,1,1,-1,0,0,1,1.4100000000000001,1.75
10/03/2024,West Ham,Burnley,2,2,D,22,11,4,4,11,18,2,4,0,11,0,-7,-2,0,2.14,1.81
10/03/2024,Liverpool,Man City,1,1,D,19,10,6,6,6,10,0,3,0,9,0,-4,-3,0,2.7900000000000005,2.5200000000000005
11/03/2024,Chelsea,Newcastle,3,2,H,12,11,8,3,12,7,3,1,1,1,5,5,2,1,3.3200000000000003,1.4400000000000002
13/03/2024,Bournemouth,Luton,4,3,H,24,8,10,4,16,11,1,2,1,16,6,5,-1,1,4.42,1.7200000000000002
16/03/2024,Burnley,Brentford,2,1,H,17,9,6,5,14,17,2,4,1,8,1,-3,-2,1,2.7300000000000004,2.12
16/03/2024,Luton,Nott'm Forest,1,1,D,10,16,4,6,10,17,1,2,0,-6,-2,-7,-1,0,1.78,2.7
16/03/2024,Fulham,Tottenham,3,0,H,16,14,7,5,9,10,2,3,3,2,2,-1,-1,1,3.0700000000000003,2.27
17/03/2024,West Ham,Aston Villa,1,1,D,13,13,5,5,13,12,3,3,0,0,0,1,0,0,2.24,2.24
30/03/2024,Newcastle,West Ham,4,3,H,24,10,9,4,9,8,1,1,1,14,5,1,0,1,4.05,1.78
30/03/2024,Bournemouth,Everton,2,1,H,11,7,4,3,14,11,1,2,1,4,1,3,-1,1,1.81,1.3200000000000003
30/03/2024,Chelsea,Burnley,2,2,D,33,18,13,7,12,7,2,2,0,15,6,5,0,0,5.8,3.1300000000000003
30/03/2024,Nott'm Forest,Crystal Palace,1,1,D,12,10,5,3,14,12,1,1,0,2,2,2,0,0,2.21,1.4100000000000001
30/03/2024,Sheffield United,Fulham,3,3,D,8,24,4,9,10,13,4,1,0,-16,-5,-3,3,0,1.7200000000000002,4.05
30/03/2024,Tottenham,Luton,2,1,H,17,7,4,3,16,14,2,4,1,10,1,2,-2,1,1.9900000000000002,1.3200000000000003
30/03/2024,Aston Villa,Wolves,2,0,H,11,13,5,3,11,19,3,4,2,-2,2,-8,-1,1,2.18,1.5000000000000002
30/03/2024,Brentford,Man United,1,1,D,31,11,5,5,7,14,2,2,0,20,0,-7,0,0,2.7800000000000002,2.18
31/03/2024,Liverpool,Brighton,2,1,H,30,9,8,3,20,6,5,3,1,21,5,14,2,1,3.8600000000000003,1.3800000000000001
31/03/2024,Man City,Arsenal,0,0,D,12,6,1,2,9,20,0,2,0,6,-1,-11,-2,0,0.73,0.92
02/04/2024,Newcastle,Everton,1,1,D,18,10,6,3,9,14,0,3,0,8,3,-5,-3,0,2.7600000000000002,1.4100000000000001
02/04/2024,Nott'm Forest,Fulham,3,1,H,16,18,4,3,7,8,0,0,2,-2,1,-1,0,1,1.96,1.6500000000000001
02/04/2024,Bournemouth,Crystal Palace,1,0,H,11,3,6,2,13,14,3,2,1,8,4,-1,1,1,2.5500000000000003,0.8300000000000001
02/04/2024,Burnley,Wolves,1,1,D,13,8,6,2,10,12,0,2,0,5,4,-2,-2,0,2.6100000000000003,0.98
02/04/2024,West Ham,Tottenham,1,1,D,11,13,4,4,13,9,1,4,0,-2,0,4,-3,0,1.81,1.87
03/04/2024,Arsenal,Luton,2,0,H,13,5,4,1,12,8,1,1,2,8,3,4,0,1,1.87,0.52
03/04/2024,Brentford,Brighton,0,0,D,5,24,2,6,9,12,1,1,0,-19,-4,-3,0,0,0.89,2.9400000000000004
03/04/2024,Man City,Aston Villa,4,1,H,25,8,11,3,6,13,1,2,3,17,8,-7,-1,1,4.82,1.35
04/04/2024,Liverpool,Sheffield United,3,1,H,29,8,9,3,6,9,0,1,2,21,6,-3,-1,1,4.2,1.35
04/04/2024,Chelsea,Man United,4,3,H,28,19,10,5,7,15,3,0,1,9,5,-8,3,1,4.54,2.42
06/04/2024,Crystal Palace,Man City,2,4,A,7,18,4,8,13,3,1,1,-2,-11,-4,10,0,0,1.6900000000000002,3.5
06/04/2024,Aston Villa,Brentford,3,3,D,11,8,3,3,15,11,2,2,0,3,0,4,0,0,1.4400000000000002,1.35
06/04/2024,Everton,Burnley,1,0,H,12,6,3,1,11,13,2,1,1,6,2,-2,1,1,1.4700000000000002,0.55
06/04/2024,Fulham,Newcastle,0,1,A,14,12,4,5,10,13,1,2,-1,2,-1,-3,-1,0,1.9000000000000001,2.21
06/04/2024,Luton,Bournemouth,2,1,H,19,8,9,1,7,14,0,0,1,11,8,-7,0,1,3.9,0.61
06/04/2024,Wolves,West Ham,1,2,A,14,11,7,4,15,7,5,2,-1,3,3,8,3,0,3.0100000000000002,1.81
06/04/2024,Brighton,Arsenal,0,3,A,10,20,2,7,14,13,1,2,-3,-10,-5,1,-1,0,1.04,3.1900000000000004
07/04/2024,Man United,Liverpool,2,2,D,9,28,5,7,9,10,5,2,0,-19,-2,-1,3,0,2.12,3.43
07/04/2024,Sheffield United,Chelsea,2,2,D,11,6,6,3,12,10,4,2,0,5,3,2,2,0,2.5500000000000003,1.2900000000000003
07/04/2024,Tottenham,Nott'm Forest,3,1,H,17,13,7,6,11,12,2,3,2,4,1,-1,-1,1,3.1,2.6100000000000003
13/04/2024,Newcastle,Tottenham,4,0,H,18,11,5,2,14,12,0,4,4,7,3,2,-4,1,2.39,1.07
13/04/2024,Brentford,Sheffield United,2,0,H,9,8,5,2,8,11,3,1,2,1,3,-3,2,1,2.12,0.98
13/04/2024,Burnley,Brighton,1,1,D,11,20,3,8,18,8,1,2,0,-9,-5,10,-1,0,1.4400000000000002,3.56
13/04/2024,Man City,Luton,5,1,H,33,4,13,2,7,6,1,0,4,29,11,1,1,1,5.8,0.8600000000000001
13/04/2024,Nott'm Forest,Wolves,2,2,D,18,11,9,4,15,10,2,3,0,7,5,5,-1,0,3.87,1.81
13/04/2024,Bournemouth,Man United,2,2,D,20,8,5,2,13,14,4,0,0,12,3,-1,4,0,2.45,0.98
14/04/2024,Liverpool,Crystal Palace,0,1,A,21,8,6,5,10,10,1,1,-1,13,1,0,0,0,2.8500000000000005,2.09
14/04/2024,West Ham,Fulham,0,2,A,15,18,4,10,6,13,1,2,-2,-3,-6,-7,-1,0,1.9300000000000002,4.24
14/04/2024,Arsenal,Aston Villa,0,2,A,18,11,4,2,12,7,3,1,-2,7,2,5,2,0,2.02,1.07
15/04/2024,Chelsea,Everton,6,0,H,14,10,10,2,5,21,1,4,6,4,8,-16,-3,1,4.12,1.04
20/04/2024,Luton,Brentford,1,5,A,6,21,3,9,13,9,1,2,-4,-15,-6,4,-1,0,1.2900000000000003,3.96
20/04/2024,Sheffield United,Burnley,1,4,A,18,16,11,9,10,9,1,0,-3,2,2,1,1,0,4.61,3.81
20/04/2024,Wolves,Arsenal,0,2,A,5,24,3,9,14,9,3,2,-2,-19,-6,5,1,0,1.2600000000000002,4.05
21/04/2024,Everton,Nott'm Forest,2,0,H,7,8,4,3,15,9,3,2,2,-1,1,6,1,1,1.6900000000000002,1.35
21/04/2024,Aston Villa,Bournemouth,3,1,H,14,14,4,6,8,14,1,3,2,0,-2,-6,-2,1,1.9000000000000001,2.6400000000000006
21/04/2024,Crystal Palace,West Ham,5,2,H,18,4,7,1,9,9,3,2,3,14,6,0,1,1,3.1300000000000003,0.49
21/04/2024,Fulham,Liverpool,1,3,A,12,14,5,7,5,11,3,0,-2,-2,-2,-6,3,0,2.21,3.0100000000000002
23/04/2024,Arsenal,Chelsea,5,0,H,27,7,10,1,12,11,2,2,5,20,9,1,0,1,4.51,0.5800000000000001
24/04/2024,Wolves,Bournemouth,0,1,A,15,21,4,6,10,17,4,1,-1,-6,-2,-7,3,0,1.9300000000000002,2.8500000000000005
24/04/2024,Crystal Palace,Newcastle,2,0,H,20,7,7,2,10,15,3,3,2,13,5,-5,0,1,3.1900000000000004,0.9500000000000001
24/04/2024,Everton,Liverpool,2,0,H,16,23,6,7,6,13,0,3,2,-7,-1,-7,-3,1,2.7,3.2800000000000002
24/04/2024,Man United,Sheffield United,4,2,H,25,10,13,4,7,9,0,1,2,15,9,-2,-1,1,5.5600000000000005,1.78
25/04/2024,Brighton,Man City,0,4,A,7,14,3,6,10,3,2,0,-4,-7,-3,7,2,0,1.3200000000000003,2.6400000000000006
27/04/2024,West Ham,Liverpool,2,2,D,11,28,8,8,8,10,0,2,0,-17,0,-2,-2,0,3.29,3.8000000000000003
27/04/2024,Fulham,Crystal Palace,1,1,D,9,14,2,4,11,15,0,2,0,-5,-2,-4,-2,0,1.01,1.9000000000000001
27/04/2024,Man United,Burnley,1,1,D,27,16,10,7,7,11,1,3,0,11,3,-4,-2,0,4.51,3.0700000000000003
27/04/2024,Newcastle,Sheffield United,5,1,H,20,15,7,5,9,10,0,0,4,5,2,-1,0,1,3.1900000000000004,2.3
27/04/2024,Wolves,Luton,2,1,H,13,9,5,6,14,14,3,1,1,4,-1,0,2,1,2.24,2.49
27/04/2024,Everton,Brentford,1,0,H,18,10,1,4,10,12,1,2,1,8,-3,-2,-1,1,0.91,1.78
27/04/2024,Aston Villa,Chelsea,2,2,D,9,21,4,5,13,14,3,5,0,-12,-1,-1,-2,0,1.75,2.48
28/04/2024,Bournemouth,Brighton,3,0,H,15,13,6,1,14,10,2,2,3,2,5,4,0,1,2.6700000000000004,0.76
28/04/2024,Tottenham,Arsenal,2,3,A,14,9,2,3,12,16,2,1,-1,5,-1,-4,1,0,1.1600000000000001,1.3800000000000001
28/04/2024,Nott'm Forest,Man City,0,2,A,14,11,2,5,8,6,0,0,-2,3,-3,2,0,0,1.1600000000000001,2.18
02/05/2024,Chelsea,Tottenham,2,0,H,16,19,5,3,12,16,0,1,2,-3,2,-4,-1,1,2.33,1.6800000000000002
03/05/2024,Luton,Everton,1,1,D,18,10,5,3,14,12,1,3,0,8,2,2,-2,0,2.39,1.4100000000000001
04/05/2024,Arsenal,Bournemouth,3,0,H,25,7,9,2,16,12,2,3,3,18,7,4,-1,1,4.08,0.9500000000000001
04/05/2024,Brentford,Fulham,0,0,D,7,15,3,3,3,6,1,1,0,-8,0,-3,0,0,1.3200000000000003,1.56
04/05/2024,Burnley,Newcastle,1,4,A,17,23,5,11,8,8,2,2,-3,-6,-6,0,0,0,2.36,4.760000000000001
04/05/2024,Sheffield United,Nott'm Forest,1,3,A,17,15,5,4,9,7,0,1,-2,2,1,2,-1,0,2.36,1.9300000000000002
04/05/2024,Man City,Wolves,5,1,H,20,2,12,1,4,17,0,4,4,18,11,-13,-4,1,5.040000000000001,0.43000000000000005
05/05/2024,Brighton,Aston Villa,1,0,H,15,2,8,1,13,10,2,1,1,13,7,3,1,1,3.41,0.43000000000000005
05/05/2024,Chelsea,West Ham,5,0,H,25,13,14,2,12,10,1,3,5,12,12,2,-2,1,5.930000000000001,1.13
05/05/2024,Liverpool,Tottenham,4,2,H,25,11,13,6,14,12,1,4,2,14,7,2,-3,1,5.5600000000000005,2.5500000000000003
06/05/2024,Crystal Palace,Man United,4,0,H,18,7,10,2,12,8,1,1,4,11,8,4,0,1,4.24,0.9500000000000001
11/05/2024,Fulham,Man City,0,4,A,1,16,1,9,9,6,1,0,-4,-15,-8,3,1,0,0.4,3.81
11/05/2024,Bournemouth,Brentford,1,2,A,13,11,4,5,16,12,2,2,-1,2,-1,4,0,0,1.87,2.18
11/05/2024,Everton,Sheffield United,1,0,H,15,13,6,1,6,11,1,2,1,2,5,-5,-1,1,2.6700000000000004,0.76
11/05/2024,Newcastle,Brighton,1,1,D,18,15,7,4,9,16,3,4,0,3,3,-7,-1,0,3.1300000000000003,1.9300000000000002
11/05/2024,Tottenham,Burnley,2,1,H,21,7,9,3,10,14,3,5,1,14,6,-4,-2,1,3.96,1.3200000000000003
11/05/2024,West Ham,Luton,3,1,H,24,4,8,1,9,15,1,3,2,20,7,-6,-2,1,3.68,0.49
11/05/2024,Wolves,Crystal Palace,1,3,A,13,13,7,3,13,12,3,2,-2,0,4,1,1,0,2.9800000000000004,1.5000000000000002
11/05/2024,Nott'm Forest,Chelsea,2,3,A,20,12,4,5,14,8,2,3,-1,8,-1,6,-1,0,2.08,2.21
12/05/2024,Man United,Arsenal,0,1,A,14,11,2,5,5,6,0,2,-1,3,-3,-1,-2,0,1.1600000000000001,2.18
13/05/2024,Aston Villa,Liverpool,3,3,D,19,14,5,7,11,15,1,1,0,5,-2,-4,0,0,2.42,3.0100000000000002
14/05/2024,Tottenham,Man City,0,2,A,10,8,5,5,14,11,3,3,-2,2,0,3,0,0,2.15,2.09
15/05/2024,Brighton,Chelsea,1,2,A,12,13,2,6,13,14,2,2,-1,-1,-4,-1,0,0,1.1,2.6100000000000003
15/05/2024,Man United,Newcastle,3,2,H,17,21,8,8,16,7,3,3,1,-4,0,9,0,1,3.47,3.5900000000000003
19/05/2024,Arsenal,Everton,2,1,H,26,5,5,2,8,11,4,3,1,21,3,-3,1,1,2.63,0.89
19/05/2024,Brentford,Newcastle,2,4,A,10,12,5,7,15,11,4,4,-2,-2,-2,4,0,0,2.15,2.95
19/05/2024,Brighton,Man United,0,2,A,17,11,3,4,10,9,1,3,-2,6,-1,1,-2,0,1.62,1.81
19/05/2024,Burnley,Nott'm Forest,1,2,A,20,12,3,6,11,5,1,0,-1,8,-3,6,1,0,1.7100000000000002,2.5800000000000005
19/05/2024,Chelsea,Bournemouth,2,1,H,16,22,6,5,5,9,2,3,1,-6,1,-4,-1,1,2.7,2.51
19/05/2024,Crystal Palace,Aston Villa,5,0,H,15,8,9,2,10,8,1,4,5,7,7,2,-3,1,3.7800000000000002,0.98
19/05/2024,Liverpool,Wolves,2,0,H,36,4,14,3,14,11,1,1,2,32,11,3,0,1,6.260000000000001,1.2300000000000002
19/05/2024,Luton,Fulham,2,4,A,15,15,6,7,15,20,5,4,-2,0,-1,-5,1,0,2.6700000000000004,3.04
19/05/2024,Man City,West Ham,3,1,H,28,3,12,2,3,12,0,1,2,25,10,-9,-1,1,5.280000000000001,0.8300000000000001
19/05/2024,Sheffield United,Tottenham,0,3,A,6,18,1,9,11,9,2,0,-3,-12,-8,2,2,0,0.55,3.87
